trial_value_id,trial_id,objective,value,value_type
1,1,0,1.394408984005124,FINITE
2,2,0,2.4815168124452303,FINITE
3,3,0,0.9414287367174209,FINITE
4,4,0,0.7555145421223275,FINITE
5,5,0,0.7046988365115697,FINITE
6,6,0,0.4526210480845751,FINITE
7,7,0,2.102358288927625,FINITE
8,8,0,1.986721963277794,FINITE
9,9,0,1.682457774294655,FINITE
10,10,0,0.9062306266038219,FINITE
11,11,0,1.3107264528676505,FINITE
12,12,0,1.757243994097566,FINITE
13,13,0,1.3847662811457155,FINITE
14,14,0,1.2663092933253752,FINITE
15,15,0,0.5548289836904607,FINITE
16,16,0,1.3921746819178589,FINITE
17,17,0,1.5399008881021474,FINITE
18,18,0,0.5623569461854336,FINITE
19,19,0,1.9683899986176585,FINITE
20,20,0,0.8835088204458149,FINITE
21,21,0,1.5103139609187317,FINITE
22,22,0,1.4213905605643817,FINITE
23,23,0,1.3778995159439482,FINITE
24,24,0,1.4799800962655216,FINITE
25,25,0,1.4612927607531154,FINITE
26,26,0,1.418426440354382,FINITE
27,27,0,0.5165283062578288,FINITE
28,28,0,1.5546282611992843,FINITE
29,29,0,0.5362480048090047,FINITE
30,30,0,0.6159970811035703,FINITE
31,31,0,1.0238601311710451,FINITE
32,32,0,1.3199603032074534,FINITE
33,33,0,0.7175360658012975,FINITE
34,34,0,1.6371885923602354,FINITE
35,35,0,0.7934039225862937,FINITE
36,36,0,1.8812324025022586,FINITE
37,37,0,0.6312823949490959,FINITE
38,38,0,1.3836373087662446,FINITE
39,39,0,1.7720648287417156,FINITE
40,40,0,1.8024272475520968,FINITE
41,41,0,1.0460345952540693,FINITE
42,42,0,0.5573392653000127,FINITE
43,43,0,1.3735093152599904,FINITE
44,44,0,1.857181118406804,FINITE
45,45,0,1.27641986589474,FINITE
46,46,0,0.5060362450754667,FINITE
47,47,0,0.4956709819484206,FINITE
48,48,0,1.6625765278036149,FINITE
49,49,0,1.220904472754548,FINITE
50,50,0,1.7242437529232766,FINITE
51,51,0,1.471445612826898,FINITE
52,52,0,0.8537909829411552,FINITE
53,53,0,2.2116781154516403,FINITE
54,54,0,1.776178904962662,FINITE
55,55,0,1.4071566311591768,FINITE
56,56,0,1.0878540006845612,FINITE
57,57,0,1.4080905122101728,FINITE
58,58,0,1.672795718829171,FINITE
59,59,0,0.5384661481865736,FINITE
60,60,0,2.1354149393254027,FINITE
61,61,0,0.4594957806125249,FINITE
62,62,0,1.7121532927648309,FINITE
63,63,0,1.7723838737517048,FINITE
64,64,0,2.0824547693314805,FINITE
65,65,0,1.9309187327925756,FINITE
66,66,0,1.0266471849969743,FINITE
67,67,0,0.45519499064260377,FINITE
68,68,0,1.3344254163688745,FINITE
69,69,0,1.4878063003020423,FINITE
70,70,0,1.6793200215981385,FINITE
71,71,0,1.0935083656800928,FINITE
72,72,0,1.6128028923255984,FINITE
73,73,0,2.3503156161052967,FINITE
74,74,0,1.4674615425249793,FINITE
75,75,0,2.2550246613712748,FINITE
76,76,0,2.1578538487051966,FINITE
77,77,0,1.2587071785457304,FINITE
78,78,0,1.3339997295966937,FINITE
79,79,0,1.453023636000091,FINITE
80,80,0,1.455076442781251,FINITE
81,81,0,1.4957047259178524,FINITE
82,82,0,0.5537850512887802,FINITE
83,83,0,1.5194699042476207,FINITE
84,84,0,0.5285345813807887,FINITE
85,85,0,0.6070587120830035,FINITE
86,86,0,1.33490994136861,FINITE
87,87,0,1.5114625501786292,FINITE
88,88,0,1.1420017153410553,FINITE
89,89,0,2.1077755248300254,FINITE
90,90,0,0.715156828311577,FINITE
91,91,0,1.484783422540107,FINITE
92,92,0,0.5553365090296872,FINITE
93,93,0,1.4122212949532393,FINITE
94,94,0,0.5914229010728023,FINITE
95,95,0,1.4704485495963862,FINITE
96,96,0,1.8667855615850828,FINITE
97,97,0,1.9266592952849866,FINITE
98,98,0,0.4810178201600997,FINITE
99,99,0,1.3527768616265128,FINITE
100,100,0,0.47652429125799733,FINITE
101,101,0,1.9610965400721079,FINITE
102,102,0,1.3689895623000876,FINITE
103,103,0,1.5380768377030685,FINITE
104,104,0,0.49613158672982793,FINITE
105,105,0,1.4053012460928573,FINITE
106,106,0,1.317984001704111,FINITE
107,107,0,1.3701961427687483,FINITE
108,108,0,0.5165087090100715,FINITE
109,109,0,0.8592842192686132,FINITE
110,110,0,0.4699138000907388,FINITE
111,111,0,0.4989838453800176,FINITE
112,112,0,1.325587138755763,FINITE
113,113,0,2.355995616315409,FINITE
114,114,0,1.9794620725250036,FINITE
115,115,0,0.4764022871472337,FINITE
116,116,0,1.3984025539980087,FINITE
117,117,0,1.8442485959359485,FINITE
118,118,0,1.6766443709702723,FINITE
119,119,0,2.114483631795887,FINITE
120,120,0,1.3345873669764736,FINITE
121,121,0,1.6991509937526499,FINITE
122,122,0,2.03493076069205,FINITE
123,123,0,1.0129317869994945,FINITE
124,124,0,1.2398338671971079,FINITE
125,125,0,0.4659223827919574,FINITE
126,126,0,1.6597329314050473,FINITE
127,127,0,1.5048297198747147,FINITE
128,128,0,1.5212245179981747,FINITE
129,129,0,0.511130430756387,FINITE
130,130,0,1.7456346694355234,FINITE
131,131,0,1.6192040360660815,FINITE
132,132,0,1.3497953737126027,FINITE
133,133,0,1.3257433548167925,FINITE
134,134,0,1.4875382762708418,FINITE
135,135,0,2.0387080491518272,FINITE
136,136,0,1.3226278092203987,FINITE
137,137,0,1.3191514414733294,FINITE
138,138,0,1.2773314769844855,FINITE
139,139,0,0.658934270536012,FINITE
140,140,0,1.0874465730915894,FINITE
141,141,0,2.055798284792549,FINITE
142,142,0,1.3247531261314283,FINITE
143,143,0,0.6814142136454691,FINITE
144,144,0,1.2156790703280764,FINITE
145,145,0,2.0185519306975634,FINITE
146,146,0,0.4567880115868409,FINITE
147,147,0,0.9952838805128436,FINITE
148,148,0,2.331134747035563,FINITE
149,149,0,1.3289042739181007,FINITE
150,150,0,1.7057383393967014,FINITE
151,151,0,1.3223166962107489,FINITE
152,152,0,0.5200604022612451,FINITE
153,153,0,1.286930610190244,FINITE
154,154,0,1.0808458943846246,FINITE
155,155,0,2.1089012757941474,FINITE
156,156,0,1.345444531695787,FINITE
157,157,0,0.9268121921707166,FINITE
158,158,0,1.3899018873779816,FINITE
159,159,0,2.3729560713477484,FINITE
160,160,0,1.345102998516051,FINITE
161,161,0,1.4060754253048695,FINITE
162,162,0,1.470529364770003,FINITE
163,163,0,1.8944745929177864,FINITE
164,164,0,1.345193753645865,FINITE
165,165,0,0.5143036007975554,FINITE
166,166,0,1.2069046928981635,FINITE
167,167,0,1.5457975458239956,FINITE
168,168,0,0.4987276733557967,FINITE
169,169,0,1.3356511196538283,FINITE
170,170,0,1.6946872716092143,FINITE
171,171,0,1.9314872526376967,FINITE
172,172,0,1.6863184946915057,FINITE
173,173,0,1.3519353630005657,FINITE
174,174,0,1.3812147999677697,FINITE
175,175,0,0.5136570306613928,FINITE
176,176,0,1.2135667628393212,FINITE
177,177,0,1.4373769707950887,FINITE
178,178,0,0.5129958749762621,FINITE
179,179,0,1.332272545850054,FINITE
180,180,0,1.334349560299357,FINITE
181,181,0,1.3944427322475967,FINITE
182,182,0,2.276617814023387,FINITE
183,183,0,1.2732039269381854,FINITE
184,184,0,0.5008847294799036,FINITE
185,185,0,1.2207475707360325,FINITE
186,186,0,0.5075907929099823,FINITE
187,187,0,1.3515830592092046,FINITE
188,188,0,0.5088329900854341,FINITE
189,189,0,1.3120138769955632,FINITE
190,190,0,0.5640728522987618,FINITE
191,191,0,0.4662897407694725,FINITE
192,192,0,1.5084338197992255,FINITE
193,193,0,1.3331982032119227,FINITE
194,194,0,0.46452053816419975,FINITE
195,195,0,1.2772850124489379,FINITE
196,196,0,1.7272701030683986,FINITE
197,197,0,1.917461476199536,FINITE
198,198,0,2.013667431316697,FINITE
199,199,0,1.294474668437143,FINITE
200,200,0,1.0007430286589099,FINITE
201,201,0,0.4788221614996596,FINITE
202,202,0,1.9374847282013974,FINITE
203,203,0,1.3582872649362394,FINITE
204,204,0,0.46176222835478337,FINITE
205,205,0,1.3423327465649693,FINITE
206,206,0,0.58764888456386,FINITE
207,207,0,2.333497246309326,FINITE
208,208,0,0.6789723234580693,FINITE
209,209,0,1.503156760072728,FINITE
210,210,0,1.3652455029732184,FINITE
211,211,0,1.2836701972266265,FINITE
212,212,0,1.5869619789391616,FINITE
213,213,0,1.419625742227368,FINITE
214,214,0,1.3334488802800015,FINITE
215,215,0,1.2389481839052057,FINITE
216,216,0,1.410283118290756,FINITE
217,217,0,2.176494169767186,FINITE
218,218,0,1.374509955925519,FINITE
219,219,0,1.312698626401801,FINITE
220,220,0,1.2747372321006847,FINITE
221,221,0,1.455865935093446,FINITE
222,222,0,1.4688622801891298,FINITE
223,223,0,1.893960128877925,FINITE
224,224,0,2.2456450117462197,FINITE
225,225,0,1.3993289490326735,FINITE
226,226,0,1.3289561932704945,FINITE
227,227,0,1.956684856854167,FINITE
228,228,0,1.516688007246512,FINITE
229,229,0,1.5349384165734505,FINITE
230,230,0,2.0553544212751085,FINITE
231,231,0,1.7094041108667501,FINITE
232,232,0,0.5709182806891686,FINITE
233,233,0,1.358223952485032,FINITE
234,234,0,1.3138221347249615,FINITE
235,235,0,0.4853067947072881,FINITE
236,236,0,1.2868748716448142,FINITE
237,237,0,2.261597557492663,FINITE
238,238,0,1.3918414370840253,FINITE
239,239,0,1.782836776373046,FINITE
240,240,0,0.8447519420940969,FINITE
241,241,0,0.4709825347950551,FINITE
242,242,0,1.0325740187296857,FINITE
243,243,0,0.480091223655206,FINITE
244,244,0,1.4736273326252538,FINITE
245,245,0,1.2157772680287908,FINITE
246,246,0,2.109249008657411,FINITE
247,247,0,2.345073317911034,FINITE
248,248,0,1.7964737457145232,FINITE
249,249,0,0.6325133166551882,FINITE
250,250,0,1.8847838576697158,FINITE
251,251,0,1.3123348821027108,FINITE
252,252,0,1.3998922048564952,FINITE
253,253,0,1.7142562167139719,FINITE
254,254,0,1.3685550096996568,FINITE
255,255,0,1.7207088437405138,FINITE
256,256,0,0.8645071464916501,FINITE
257,257,0,1.7465099052480044,FINITE
258,258,0,2.1279890785292426,FINITE
259,259,0,1.5530692148454461,FINITE
260,260,0,1.2833740364339787,FINITE
261,261,0,1.3600400173430034,FINITE
262,262,0,1.2811580598002998,FINITE
263,263,0,1.5097700837911519,FINITE
264,264,0,0.840824798771917,FINITE
265,265,0,1.2781875994186755,FINITE
266,266,0,0.5754745838519109,FINITE
267,267,0,2.1374179823696733,FINITE
268,268,0,1.2664974196280285,FINITE
269,269,0,1.207002053326299,FINITE
270,270,0,1.3146442056034133,FINITE
271,271,0,0.46234950677229547,FINITE
272,272,0,1.2043602147249488,FINITE
273,273,0,0.47841726463279255,FINITE
274,274,0,0.4801709704344014,FINITE
275,275,0,0.548997114073503,FINITE
276,276,0,1.8314408054961964,FINITE
277,277,0,1.366571876906964,FINITE
278,278,0,1.2028665174538546,FINITE
279,279,0,1.4161152727827333,FINITE
280,280,0,1.7059206634928785,FINITE
281,281,0,2.015766914308042,FINITE
282,282,0,1.574256327810474,FINITE
283,283,0,0.494501973259182,FINITE
284,284,0,1.3811632528245688,FINITE
285,285,0,0.5565763169863451,FINITE
286,286,0,1.2570206998639393,FINITE
287,287,0,1.2992772535771104,FINITE
288,288,0,2.363628632026561,FINITE
289,289,0,1.6923310835660814,FINITE
290,290,0,1.1290332194365593,FINITE
291,291,0,1.1343619742602842,FINITE
292,292,0,1.034645384309254,FINITE
293,293,0,0.5020982270681781,FINITE
294,294,0,1.6082116275527247,FINITE
295,295,0,1.5986190049522495,FINITE
296,296,0,1.324983399572726,FINITE
297,297,0,1.1915612245260343,FINITE
298,298,0,1.2558937921536186,FINITE
299,299,0,0.4604011150159575,FINITE
300,300,0,1.377545670661037,FINITE
301,301,0,1.2736011224434214,FINITE
302,302,0,1.0179707711590988,FINITE
303,303,0,1.311867734783342,FINITE
304,304,0,1.4587495555520102,FINITE
305,305,0,2.3216798109857826,FINITE
306,306,0,1.957306387398452,FINITE
307,307,0,1.222023866588299,FINITE
308,308,0,1.260832423450894,FINITE
309,309,0,1.4064143010168237,FINITE
310,310,0,1.3033418557293674,FINITE
311,311,0,1.3294623495851303,FINITE
312,312,0,1.4540293719092285,FINITE
313,313,0,1.411797753191458,FINITE
314,314,0,1.135876175242446,FINITE
315,315,0,1.362293116556787,FINITE
316,316,0,0.4957196459530766,FINITE
317,317,0,0.9604843834764877,FINITE
318,318,0,0.4946584652278218,FINITE
319,319,0,1.2930381139274454,FINITE
320,320,0,2.0962049831481577,FINITE
321,321,0,1.6417194797822887,FINITE
322,322,0,0.4800186264512958,FINITE
323,323,0,1.8176009436698886,FINITE
324,324,0,0.543807851319115,FINITE
325,325,0,0.529839468896111,FINITE
326,326,0,1.6260937537179365,FINITE
327,327,0,1.5740961092497734,FINITE
328,328,0,1.4082951669649233,FINITE
329,329,0,0.5357081036871625,FINITE
330,330,0,1.3543694182885357,FINITE
331,331,0,2.160497967791781,FINITE
332,332,0,1.3315237782472793,FINITE
333,333,0,0.6379054632180311,FINITE
334,334,0,0.4687509839281084,FINITE
335,335,0,1.341559307540574,FINITE
336,336,0,1.2609457117915301,FINITE
337,337,0,0.4693438374242548,FINITE
338,338,0,1.4447883434859103,FINITE
339,339,0,1.0779249666508433,FINITE
340,340,0,1.4839549281124373,FINITE
341,341,0,2.3019259201556115,FINITE
342,342,0,0.46510350999716754,FINITE
343,343,0,1.0730174241497425,FINITE
344,344,0,1.302597087393834,FINITE
345,345,0,1.5974656623530337,FINITE
346,346,0,0.4680366176597829,FINITE
347,347,0,2.063865428499199,FINITE
348,348,0,0.46826548612068886,FINITE
349,349,0,1.7374269373946478,FINITE
350,350,0,1.500879627574808,FINITE
351,351,0,0.46865784200596194,FINITE
352,352,0,1.9753719104571972,FINITE
353,353,0,1.026276438127702,FINITE
354,354,0,0.46160283930346463,FINITE
355,355,0,1.3332464938431525,FINITE
356,356,0,1.4374261084251159,FINITE
357,357,0,1.7618332488698187,FINITE
358,358,0,1.0560379468414884,FINITE
359,359,0,1.6638626820886206,FINITE
360,360,0,2.368737896695878,FINITE
361,361,0,1.4708981221314346,FINITE
362,362,0,2.252568282570985,FINITE
363,363,0,1.4424255394857908,FINITE
364,364,0,1.2654312607566482,FINITE
365,365,0,1.3194390994807166,FINITE
366,366,0,2.3794643721343864,FINITE
367,367,0,1.4441379784743689,FINITE
368,368,0,1.4943068716555608,FINITE
369,369,0,0.5250962014789069,FINITE
370,370,0,1.3230403135646376,FINITE
371,371,0,0.46198445128515253,FINITE
372,372,0,2.129100083601971,FINITE
373,373,0,1.2727620887235682,FINITE
374,374,0,1.290200073833874,FINITE
375,375,0,1.065602525438701,FINITE
376,376,0,2.1453902022351885,FINITE
377,377,0,0.4583391261231122,FINITE
378,378,0,1.4460043109468361,FINITE
379,379,0,1.261334099288555,FINITE
380,380,0,1.2783154129992833,FINITE
381,381,0,0.5113371434790459,FINITE
382,382,0,1.3989238001356183,FINITE
383,383,0,2.355260747840656,FINITE
384,384,0,1.8409355847033264,FINITE
385,385,0,0.45642235055191926,FINITE
386,386,0,1.3211703304586981,FINITE
387,387,0,0.455344842403613,FINITE
388,388,0,2.1923449108534543,FINITE
389,389,0,1.4047853158457637,FINITE
390,390,0,1.5560900201850323,FINITE
391,391,0,0.5069990112348457,FINITE
392,392,0,1.3206904981819605,FINITE
393,393,0,1.4619583556821842,FINITE
394,394,0,1.3331091740891665,FINITE
395,395,0,1.1226326680030199,FINITE
396,396,0,0.8620876307133891,FINITE
397,397,0,1.171502307876336,FINITE
398,398,0,0.49693914900774294,FINITE
399,399,0,1.3184964537403752,FINITE
400,400,0,2.319856185205338,FINITE
401,401,0,1.8266300861512632,FINITE
402,402,0,1.334597456304274,FINITE
403,403,0,1.3800508836460637,FINITE
404,404,0,1.8460592985211866,FINITE
405,405,0,1.6857578956847439,FINITE
406,406,0,2.104422998945827,FINITE
407,407,0,1.752910831722419,FINITE
408,408,0,1.7351472950508082,FINITE
409,409,0,1.3581680726972238,FINITE
410,410,0,1.0130170460479546,FINITE
411,411,0,1.269584208468452,FINITE
412,412,0,0.46863188984483356,FINITE
413,413,0,1.5466851106809774,FINITE
414,414,0,1.5050402571099135,FINITE
415,415,0,1.5321109878586414,FINITE
416,416,0,0.5180817079776419,FINITE
417,417,0,1.7372208313420285,FINITE
418,418,0,1.3156680731788795,FINITE
419,419,0,1.3187165810217039,FINITE
420,420,0,1.3406276747177919,FINITE
421,421,0,1.3632260847716333,FINITE
422,422,0,2.0346565792326663,FINITE
423,423,0,1.3288944331803487,FINITE
424,424,0,1.2691425984480813,FINITE
425,425,0,1.2636166766390062,FINITE
426,426,0,0.4667334909650772,FINITE
427,427,0,0.5701511868829032,FINITE
428,428,0,1.9596792087394381,FINITE
429,429,0,1.3790581207125832,FINITE
430,430,0,0.6743872804598997,FINITE
431,431,0,1.2095355341041778,FINITE
432,432,0,1.97405578466063,FINITE
433,433,0,1.8667668993716517,FINITE
434,434,0,1.0181083915808795,FINITE
435,435,0,2.014507173969631,FINITE
436,436,0,1.3417093369881827,FINITE
437,437,0,1.7333907812716394,FINITE
438,438,0,1.3056472784774311,FINITE
439,439,0,0.45456541070844936,FINITE
440,440,0,1.4145904755421363,FINITE
441,441,0,1.0559181300651068,FINITE
442,442,0,2.106862700826259,FINITE
443,443,0,1.301729469913604,FINITE
444,444,0,0.5050147385783206,FINITE
445,445,0,1.309748773868825,FINITE
446,446,0,2.373939899724306,FINITE
447,447,0,1.371037730987761,FINITE
448,448,0,1.4092714998780078,FINITE
449,449,0,1.4500041406921478,FINITE
450,450,0,2.1486696495393396,FINITE
451,451,0,1.3714600625396716,FINITE
452,452,0,0.5090819415588441,FINITE
453,453,0,1.2193808637751833,FINITE
454,454,0,1.5368366420397062,FINITE
455,455,0,0.452342156574023,FINITE
456,456,0,1.282033074441638,FINITE
457,457,0,1.9361009033546188,FINITE
458,458,0,1.9366394330352943,FINITE
459,459,0,1.6463951456289694,FINITE
460,460,0,1.2881386122924487,FINITE
461,461,0,1.3834521583852228,FINITE
462,462,0,0.5072592175019273,FINITE
463,463,0,1.2848541641194728,FINITE
464,464,0,1.337660719379174,FINITE
465,465,0,0.6069199854176147,FINITE
466,466,0,1.2775316912768884,FINITE
467,467,0,1.3330018133956343,FINITE
468,468,0,1.344913432884715,FINITE
469,469,0,2.460114404331523,FINITE
470,470,0,1.3762888818271883,FINITE
471,471,0,0.4504975427212572,FINITE
472,472,0,1.2647141261558512,FINITE
473,473,0,2.142620764297999,FINITE
474,474,0,1.3439031138209883,FINITE
475,475,0,0.5058345504222921,FINITE
476,476,0,1.2920183515203625,FINITE
477,477,0,1.757120819798724,FINITE
478,478,0,0.4542731061643744,FINITE
479,479,0,1.4926469701166978,FINITE
480,480,0,1.3072228770814212,FINITE
481,481,0,0.44817806431677454,FINITE
482,482,0,1.403008357165287,FINITE
483,483,0,1.731116859719882,FINITE
484,484,0,1.9229210004803439,FINITE
485,485,0,2.2207213234169245,FINITE
486,486,0,1.5986134280560949,FINITE
487,487,0,0.967696343490899,FINITE
488,488,0,0.9428578365440093,FINITE
489,489,0,2.269985728278611,FINITE
490,490,0,1.3202819346456196,FINITE
491,491,0,0.4521722566868761,FINITE
492,492,0,1.3326592401292112,FINITE
493,493,0,1.4287840661881712,FINITE
494,494,0,2.3948659726959685,FINITE
495,495,0,0.6694140642190662,FINITE
496,496,0,1.5103754169899466,FINITE
497,497,0,1.5407303587643648,FINITE
498,498,0,1.6725287957805612,FINITE
499,499,0,1.5877129183013994,FINITE
500,500,0,1.4141166525915931,FINITE
501,501,0,1.3072778329530195,FINITE
502,502,0,1.2303789420513886,FINITE
503,503,0,1.4116047176083222,FINITE
504,504,0,1.6047012616834846,FINITE
505,505,0,1.8852680022849437,FINITE
506,506,0,1.31389919779175,FINITE
507,507,0,2.1277026778633075,FINITE
508,508,0,2.071864850447828,FINITE
509,509,0,2.3787524708466057,FINITE
510,510,0,1.9088947693972613,FINITE
511,511,0,2.2324982805115097,FINITE
512,512,0,1.3871183604152728,FINITE
513,513,0,1.4997193299522353,FINITE
514,514,0,1.3545329916584736,FINITE
515,515,0,1.1297749669128567,FINITE
516,516,0,1.3411606970639676,FINITE
517,517,0,2.077201062231446,FINITE
518,518,0,1.9497277344253279,FINITE
519,519,0,0.5291320304309549,FINITE
520,520,0,1.9436734363682078,FINITE
521,521,0,1.2898029754734859,FINITE
522,522,0,1.1196790396210896,FINITE
523,523,0,1.2680396657204234,FINITE
524,524,0,2.489636576002699,FINITE
525,525,0,1.4172047509793422,FINITE
526,526,0,1.7145802258959288,FINITE
527,527,0,0.4609248141046289,FINITE
528,528,0,0.6612509700851844,FINITE
529,529,0,1.1312375691463958,FINITE
530,530,0,0.4971045786404156,FINITE
531,531,0,1.4764460040574927,FINITE
532,532,0,1.213663221071168,FINITE
533,533,0,1.496161053430523,FINITE
534,534,0,2.2541974156206637,FINITE
535,535,0,1.7416354434385584,FINITE
536,536,0,0.640018197330142,FINITE
537,537,0,2.002472626819203,FINITE
538,538,0,1.3182816287977084,FINITE
539,539,0,1.3409652392194356,FINITE
540,540,0,2.213609272269526,FINITE
541,541,0,1.3438704202329608,FINITE
542,542,0,1.7015940758545853,FINITE
543,543,0,1.019339138987327,FINITE
544,544,0,1.7342362795146256,FINITE
545,545,0,1.229542741733945,FINITE
546,546,0,1.212288294038338,FINITE
547,547,0,1.403766203092069,FINITE
548,548,0,1.3429506094001522,FINITE
549,549,0,1.2592760908179632,FINITE
550,550,0,1.3939944479126924,FINITE
551,551,0,0.8319806260146748,FINITE
552,552,0,1.3460676750355325,FINITE
553,553,0,0.4652522910723215,FINITE
554,554,0,2.1637121826293058,FINITE
555,555,0,1.285538295887569,FINITE
556,556,0,1.2137855346555402,FINITE
557,557,0,1.617802371269305,FINITE
558,558,0,0.634550105843724,FINITE
559,559,0,1.1950087029251306,FINITE
560,560,0,0.6064601033920063,FINITE
561,561,0,1.0576401113671015,FINITE
562,562,0,0.5279245450493606,FINITE
563,563,0,1.7883170981990226,FINITE
564,564,0,1.4701450641549498,FINITE
565,565,0,1.1811038172450696,FINITE
566,566,0,1.482695407356052,FINITE
567,567,0,1.6962170685610447,FINITE
568,568,0,1.992289575913406,FINITE
569,569,0,1.8439084256664664,FINITE
570,570,0,0.4660201287122271,FINITE
571,571,0,1.3901825582895173,FINITE
572,572,0,0.5464589553383125,FINITE
573,573,0,1.256777819610931,FINITE
574,574,0,1.2511005923185037,FINITE
575,575,0,2.385654820160639,FINITE
576,576,0,1.686826828115973,FINITE
577,577,0,1.61658669845056,FINITE
578,578,0,1.3062601691645164,FINITE
579,579,0,0.7123620510475356,FINITE
580,580,0,0.46492333863064517,FINITE
581,581,0,1.5483938992564616,FINITE
582,582,0,1.5746541714974143,FINITE
583,583,0,1.276372984596828,FINITE
584,584,0,1.207542944042775,FINITE
585,585,0,1.2543397851990843,FINITE
586,586,0,0.4570989913925685,FINITE
587,587,0,1.4143529484356683,FINITE
588,588,0,1.3129700688827894,FINITE
589,589,0,0.9968873976133776,FINITE
590,590,0,1.3082090767372683,FINITE
591,591,0,1.863797076696435,FINITE
592,592,0,2.408497077208284,FINITE
593,593,0,1.9327497761532018,FINITE
594,594,0,1.206326793020214,FINITE
595,595,0,1.6643306148313775,FINITE
596,596,0,1.4920548389874173,FINITE
597,597,0,1.2288436971274188,FINITE
598,598,0,1.33704227021672,FINITE
599,599,0,1.4407012994302748,FINITE
600,600,0,1.4070819073575849,FINITE
601,601,0,1.1132445598489566,FINITE
602,602,0,1.4498597905110757,FINITE
603,603,0,1.0724862802744042,FINITE
604,604,0,0.4667446037844586,FINITE
605,605,0,0.8907018973554932,FINITE
606,606,0,1.868302396298775,FINITE
607,607,0,0.7532239261455492,FINITE
608,608,0,2.116246922673889,FINITE
609,609,0,1.700113199616101,FINITE
610,610,0,2.2103252677597096,FINITE
611,611,0,0.5443180359309732,FINITE
612,612,0,0.6331323009964582,FINITE
613,613,0,1.583778545871562,FINITE
614,614,0,1.7921173863852338,FINITE
615,615,0,1.3982548318191435,FINITE
616,616,0,0.5392815410308094,FINITE
617,617,0,1.3721480669367567,FINITE
618,618,0,1.862101281528469,FINITE
619,619,0,1.4908149957960537,FINITE
620,620,0,1.4175016331297194,FINITE
621,621,0,0.4655234675651383,FINITE
622,622,0,1.3391389826834428,FINITE
623,623,0,1.2933575106062396,FINITE
624,624,0,0.4564444819138154,FINITE
625,625,0,1.5106043363209842,FINITE
626,626,0,1.1187087571118042,FINITE
627,627,0,2.2120607417754394,FINITE
628,628,0,2.3224117464556784,FINITE
629,629,0,0.45643926535680207,FINITE
630,630,0,1.0496867537400154,FINITE
631,631,0,1.273812463964287,FINITE
632,632,0,1.6018660267339109,FINITE
633,633,0,0.5372896339594396,FINITE
634,634,0,2.1416352550134823,FINITE
635,635,0,0.5013940700863588,FINITE
636,636,0,2.057539199379762,FINITE
637,637,0,1.7088469164048299,FINITE
638,638,0,0.5855125615495433,FINITE
639,639,0,1.9564637563332177,FINITE
640,640,0,1.349759032985274,FINITE
641,641,0,0.44541531010257684,FINITE
642,642,0,1.7055208962398642,FINITE
643,643,0,1.8128482838719577,FINITE
644,644,0,1.987012652131539,FINITE
645,645,0,1.1474217467884404,FINITE
646,646,0,1.5986674495520594,FINITE
647,647,0,2.3550899775260383,FINITE
648,648,0,1.4310458171854914,FINITE
649,649,0,2.2431559636875495,FINITE
650,650,0,1.8182504541801836,FINITE
651,651,0,1.2587457042429984,FINITE
652,652,0,1.3710059249929385,FINITE
653,653,0,2.3738639054750994,FINITE
654,654,0,1.4300223976170332,FINITE
655,655,0,2.090910956334842,FINITE
656,656,0,0.5603657110516382,FINITE
657,657,0,1.5280012314791453,FINITE
658,658,0,0.4543619700339666,FINITE
659,659,0,2.4234550545417717,FINITE
660,660,0,1.2840666000628354,FINITE
661,661,0,1.287488830752937,FINITE
662,662,0,1.18340783629696,FINITE
663,663,0,2.100417764218655,FINITE
664,664,0,0.8802741428792764,FINITE
665,665,0,1.4519662634738477,FINITE
666,666,0,1.243056882849376,FINITE
667,667,0,1.292349500009498,FINITE
668,668,0,1.1135113323700008,FINITE
669,669,0,1.3905480273919881,FINITE
670,670,0,2.466397807830667,FINITE
671,671,0,1.8441877417643044,FINITE
672,672,0,0.45912768045702623,FINITE
673,673,0,1.3250648337049156,FINITE
674,674,0,0.45905487514533827,FINITE
675,675,0,2.21195612533054,FINITE
676,676,0,1.3560908498520785,FINITE
677,677,0,1.5490257016206437,FINITE
678,678,0,1.7109733680234642,FINITE
679,679,0,1.5202607992685637,FINITE
680,680,0,1.4589880602155485,FINITE
681,681,0,1.3312992994690904,FINITE
682,682,0,1.2378506005850065,FINITE
683,683,0,2.166792628197741,FINITE
684,684,0,0.45924865314967733,FINITE
685,685,0,2.50620617703019,FINITE
686,686,0,1.3374075882159708,FINITE
687,687,0,2.330785046982329,FINITE
688,688,0,1.980217222383288,FINITE
689,689,0,0.7345706991340426,FINITE
690,690,0,1.7107183508476367,FINITE
691,691,0,1.8410214321067304,FINITE
692,692,0,1.6771861438211613,FINITE
693,693,0,2.2530956627568233,FINITE
694,694,0,1.4192825632913262,FINITE
695,695,0,1.704811932135711,FINITE
696,696,0,1.2734196266879119,FINITE
697,697,0,1.0798487132423522,FINITE
698,698,0,1.2777660519904703,FINITE
699,699,0,0.4471870952291766,FINITE
700,700,0,1.757327740905855,FINITE
701,701,0,1.9123163624647772,FINITE
702,702,0,1.7759792585951384,FINITE
703,703,0,1.1961709655922734,FINITE
704,704,0,1.8053215733302586,FINITE
705,705,0,1.622158427384313,FINITE
706,706,0,1.2602256377676126,FINITE
707,707,0,1.6404481309488912,FINITE
708,708,0,1.4915164582471652,FINITE
709,709,0,2.1433869562585732,FINITE
710,710,0,1.3053938217508483,FINITE
711,711,0,1.2700420315368612,FINITE
712,712,0,1.2595799151856029,FINITE
713,713,0,0.44718984378984816,FINITE
714,714,0,1.0534617861736932,FINITE
715,715,0,1.9680759831148726,FINITE
716,716,0,1.4032003507982556,FINITE
717,717,0,0.731354371821412,FINITE
718,718,0,1.4041480301175007,FINITE
719,719,0,2.682009229673481,FINITE
720,720,0,0.8307278833650791,FINITE
721,721,0,0.989258683295019,FINITE
722,722,0,2.41801899484038,FINITE
723,723,0,1.3764732981731638,FINITE
724,724,0,1.9038533552680166,FINITE
725,725,0,1.333516903260985,FINITE
726,726,0,0.44729340817377783,FINITE
727,727,0,1.4035251676522789,FINITE
728,728,0,1.3271829784421998,FINITE
729,729,0,2.0908587547146853,FINITE
730,730,0,1.398752485123693,FINITE
731,731,0,0.7311168184404582,FINITE
732,732,0,1.2709147793858362,FINITE
733,733,0,2.3573777818926147,FINITE
734,734,0,1.850393133129986,FINITE
735,735,0,1.4196126111895757,FINITE
736,736,0,1.7065051996202354,FINITE
737,737,0,2.0440955499100375,FINITE
738,738,0,1.3773764295809658,FINITE
739,739,0,2.0897477536843216,FINITE
740,740,0,1.326512875024353,FINITE
741,741,0,1.512251844857593,FINITE
742,742,0,0.45399371305171554,FINITE
743,743,0,1.272579619479243,FINITE
744,744,0,1.941583890567287,FINITE
745,745,0,1.9414491421129578,FINITE
746,746,0,1.6469028980241824,FINITE
747,747,0,1.3095084210875947,FINITE
748,748,0,1.366378950427925,FINITE
749,749,0,0.5083872946373281,FINITE
750,750,0,1.6294996942421636,FINITE
751,751,0,1.3121138971969721,FINITE
752,752,0,0.45526791793989174,FINITE
753,753,0,1.3944655488619917,FINITE
754,754,0,1.3380791543690798,FINITE
755,755,0,1.3152907762925035,FINITE
756,756,0,1.301314010737265,FINITE
757,757,0,1.5805771397506239,FINITE
758,758,0,0.45535211938693554,FINITE
759,759,0,1.1662916125936875,FINITE
760,760,0,2.139113545953829,FINITE
761,761,0,1.3374808843790829,FINITE
762,762,0,0.5082152305284711,FINITE
763,763,0,1.3276934866182053,FINITE
764,764,0,0.6770517172315345,FINITE
765,765,0,0.45498424761556255,FINITE
766,766,0,1.488388907744101,FINITE
767,767,0,1.2968629442477755,FINITE
768,768,0,0.44387600719161224,FINITE
769,769,0,1.3512246878730196,FINITE
770,770,0,1.7108075357894514,FINITE
771,771,0,2.0327360601489994,FINITE
772,772,0,2.2817127521985827,FINITE
773,773,0,1.589446161295621,FINITE
774,774,0,0.9554967172177733,FINITE
775,775,0,0.9459874871747163,FINITE
776,776,0,2.2529571132446566,FINITE
777,777,0,1.438925368915855,FINITE
778,778,0,0.8216501165292063,FINITE
779,779,0,1.333399930938406,FINITE
780,780,0,1.3965171425402105,FINITE
781,781,0,2.497292330413602,FINITE
782,782,0,0.6639792612895001,FINITE
783,783,0,2.0013968427829942,FINITE
784,784,0,1.3635529788609357,FINITE
785,785,0,1.4090908561129405,FINITE
786,786,0,1.8533965303505435,FINITE
787,787,0,1.4291074876713101,FINITE
788,788,0,1.3074058944481328,FINITE
789,789,0,1.2222789252490813,FINITE
790,790,0,1.4040336118399517,FINITE
791,791,0,1.592623642243232,FINITE
792,792,0,1.6868133405089947,FINITE
793,793,0,1.543420112299728,FINITE
794,794,0,1.380713695542367,FINITE
795,795,0,2.0806187869703203,FINITE
796,796,0,2.3685418122570345,FINITE
797,797,0,1.9507369895544757,FINITE
798,798,0,2.235302946228441,FINITE
799,799,0,1.3609882540736227,FINITE
800,800,0,1.4938004479992577,FINITE
801,801,0,1.376921202871078,FINITE
802,802,0,1.7578299055044946,FINITE
803,803,0,1.3872340064598707,FINITE
804,804,0,2.083988599307154,FINITE
805,805,0,1.4906832088853186,FINITE
806,806,0,0.5256655984590187,FINITE
807,807,0,1.9100203428395606,FINITE
808,808,0,1.4080668986775742,FINITE
809,809,0,1.1950305354365969,FINITE
810,810,0,1.2575441342258944,FINITE
811,811,0,2.4924927879517504,FINITE
812,812,0,1.3721638700319727,FINITE
813,813,0,1.74087047620224,FINITE
814,814,0,0.8409814653215364,FINITE
815,815,0,0.6705705277552978,FINITE
816,816,0,1.3709606961767467,FINITE
817,817,0,0.5051430692139494,FINITE
818,818,0,1.394328072098609,FINITE
819,819,0,1.1957366255856625,FINITE
820,820,0,1.2763856662951434,FINITE
821,821,0,2.280608611679769,FINITE
822,822,0,1.7325970820014445,FINITE
823,823,0,0.6969670157218646,FINITE
824,824,0,2.5216943442862365,FINITE
825,825,0,1.3261475460821632,FINITE
826,826,0,1.3288486787536733,FINITE
827,827,0,1.8358214394396324,FINITE
828,828,0,1.3468655865343973,FINITE
829,829,0,1.6102927946744419,FINITE
830,830,0,1.0531513908443606,FINITE
831,831,0,1.8885843934830064,FINITE
832,832,0,2.098412278230931,FINITE
833,833,0,1.6528417537299926,FINITE
834,834,0,1.4182194157714565,FINITE
835,835,0,1.3511446265134137,FINITE
836,836,0,1.4071345323290796,FINITE
837,837,0,1.5141979055250188,FINITE
838,838,0,0.8318446897737615,FINITE
839,839,0,1.347685623394622,FINITE
840,840,0,1.5430922422813023,FINITE
841,841,0,2.1574243559287996,FINITE
842,842,0,1.3403919418731913,FINITE
843,843,0,1.2145617017074932,FINITE
844,844,0,1.2512342017536553,FINITE
845,845,0,0.5959886918228832,FINITE
846,846,0,1.1671209520782968,FINITE
847,847,0,0.629147502380184,FINITE
848,848,0,0.4559994231019054,FINITE
849,849,0,0.5360749499340185,FINITE
850,850,0,2.13731676469688,FINITE
851,851,0,1.484943777032216,FINITE
852,852,0,1.1708962812087167,FINITE
853,853,0,1.481357647166183,FINITE
854,854,0,1.705514022531196,FINITE
855,855,0,2.1672427549984583,FINITE
856,856,0,1.6141277349044674,FINITE
857,857,0,0.4530231586283614,FINITE
858,858,0,1.4166306815821637,FINITE
859,859,0,1.3103138414533197,FINITE
860,860,0,1.2000853320704319,FINITE
861,861,0,1.3019931486248932,FINITE
862,862,0,2.416719526733845,FINITE
863,863,0,2.053340700611685,FINITE
864,864,0,1.7022373699407551,FINITE
865,865,0,0.9740817154469159,FINITE
866,866,0,1.0338361661880855,FINITE
867,867,0,0.45367182920129534,FINITE
868,868,0,1.6536759414940443,FINITE
869,869,0,1.5658200071940147,FINITE
870,870,0,1.4159206866439475,FINITE
871,871,0,1.2764039580837907,FINITE
872,872,0,1.2803608418004537,FINITE
873,873,0,0.4499218414600562,FINITE
874,874,0,1.7378968348559947,FINITE
875,875,0,1.4224612065824707,FINITE
876,876,0,1.0028703144910271,FINITE
877,877,0,1.288219754969574,FINITE
878,878,0,1.659475602036256,FINITE
879,879,0,2.403372034441741,FINITE
880,880,0,1.9868754468439693,FINITE
881,881,0,1.297013093970178,FINITE
882,882,0,1.6788887057273039,FINITE
883,883,0,1.5678101725263034,FINITE
884,884,0,1.2466999592448256,FINITE
885,885,0,1.3369905818615218,FINITE
886,886,0,1.5786784760152344,FINITE
887,887,0,1.4195346613435427,FINITE
888,888,0,1.1256804511703822,FINITE
889,889,0,1.4803635559768793,FINITE
890,890,0,1.3925228453829162,FINITE
891,891,0,2.061100364843473,FINITE
892,892,0,1.0246558777263575,FINITE
893,893,0,1.3218836878648244,FINITE
894,894,0,2.100465633394117,FINITE
895,895,0,1.6141445525667841,FINITE
896,896,0,1.9617794830449573,FINITE
897,897,0,1.8465520058399691,FINITE
898,898,0,0.5722771822877035,FINITE
899,899,0,0.626056102607282,FINITE
900,900,0,1.6077952776247366,FINITE
901,901,0,1.799940839643877,FINITE
902,902,0,1.2341027556641468,FINITE
903,903,0,0.6070993426197737,FINITE
904,904,0,1.3664992580787714,FINITE
905,905,0,2.165745698635078,FINITE
906,906,0,1.2789527215643157,FINITE
907,907,0,1.2994790893776935,FINITE
908,908,0,0.46016402746223434,FINITE
909,909,0,1.3276036630922596,FINITE
910,910,0,1.2369061261231322,FINITE
911,911,0,0.4863286164522367,FINITE
912,912,0,1.5582649855186232,FINITE
913,913,0,1.0422465821474645,FINITE
914,914,0,1.712220918884951,FINITE
915,915,0,2.2882992984283694,FINITE
916,916,0,1.75117064470534,FINITE
917,917,0,1.4293690874232317,FINITE
918,918,0,1.2758619989258935,FINITE
919,919,0,1.5940716160074206,FINITE
920,920,0,0.46176265591539994,FINITE
921,921,0,2.1336002175551734,FINITE
922,922,0,0.5001183957966024,FINITE
923,923,0,2.0581796753904933,FINITE
924,924,0,1.7739054296925962,FINITE
925,925,0,0.6145193726643231,FINITE
926,926,0,1.938091733634189,FINITE
927,927,0,1.0271088119135736,FINITE
928,928,0,0.44685610446353863,FINITE
929,929,0,1.3269021604197027,FINITE
930,930,0,1.8131800151673798,FINITE
931,931,0,1.9806456287678134,FINITE
932,932,0,1.1436371969998553,FINITE
933,933,0,1.5975129204803546,FINITE
934,934,0,2.3512295083607624,FINITE
935,935,0,1.8016798966252954,FINITE
936,936,0,2.243416953379543,FINITE
937,937,0,1.4513680809559044,FINITE
938,938,0,1.2537227998945666,FINITE
939,939,0,1.3678915818253792,FINITE
940,940,0,2.364325639335112,FINITE
941,941,0,1.4199573270603891,FINITE
942,942,0,2.2843084436387047,FINITE
943,943,0,0.562369416993755,FINITE
944,944,0,1.5266271819197144,FINITE
945,945,0,0.4466390078416653,FINITE
946,946,0,2.562181950914283,FINITE
947,947,0,1.2745416734440929,FINITE
948,948,0,1.4207050928209624,FINITE
949,949,0,1.1663416003534297,FINITE
950,950,0,2.1052387771745193,FINITE
951,951,0,0.8901562740534101,FINITE
952,952,0,1.48521019219111,FINITE
953,953,0,1.2337893498328878,FINITE
954,954,0,1.3254048529671756,FINITE
955,955,0,1.1064719864564467,FINITE
956,956,0,1.3825993081220802,FINITE
957,957,0,2.470775147686621,FINITE
958,958,0,1.8451236080767979,FINITE
959,959,0,0.4477372428478298,FINITE
960,960,0,1.305964920032173,FINITE
961,961,0,0.4405500657689956,FINITE
962,962,0,2.2015288944469864,FINITE
963,963,0,1.6824317329024556,FINITE
964,964,0,1.5713245734573666,FINITE
965,965,0,1.2529450377001417,FINITE
966,966,0,1.5246602002657161,FINITE
967,967,0,2.4864187343687423,FINITE
968,968,0,1.676613129319562,FINITE
969,969,0,1.511937893213957,FINITE
970,970,0,2.583302423318856,FINITE
971,971,0,1.9071302542293853,FINITE
972,972,0,2.478616990258834,FINITE
973,973,0,1.4532712990957903,FINITE
974,974,0,2.3094521691534258,FINITE
975,975,0,2.0060870985288863,FINITE
976,976,0,1.310759071102432,FINITE
977,977,0,2.4162323613804646,FINITE
978,978,0,1.8349404801479134,FINITE
979,979,0,1.6704588261708575,FINITE
980,980,0,2.2232308362431934,FINITE
981,981,0,1.4332113267831033,FINITE
982,982,0,1.7259237890488623,FINITE
983,983,0,1.3587223221392368,FINITE
984,984,0,1.0636133371009033,FINITE
985,985,0,1.9317475152868062,FINITE
986,986,0,0.44920158484406375,FINITE
987,987,0,1.7513930109317846,FINITE
988,988,0,1.9165512446744883,FINITE
989,989,0,1.4846322163557848,FINITE
990,990,0,1.0095472542783979,FINITE
991,991,0,1.7480658424796183,FINITE
992,992,0,1.3164090567657578,FINITE
993,993,0,1.2698199615820154,FINITE
994,994,0,1.6360821442084688,FINITE
995,995,0,1.3809003397946742,FINITE
996,996,0,2.1441564166714135,FINITE
997,997,0,1.3053595343271571,FINITE
998,998,0,1.3453416991986031,FINITE
999,999,0,1.2556210564398032,FINITE
1000,1000,0,1.981791856947528,FINITE
1001,1001,0,0.5750042675808353,FINITE
1002,1002,0,1.958656035137421,FINITE
1003,1003,0,1.4029298638987415,FINITE
1004,1004,0,0.6469188519007343,FINITE
1005,1005,0,1.4004997360581406,FINITE
1006,1006,0,2.644875214656765,FINITE
1007,1007,0,2.0642108248951354,FINITE
1008,1008,0,0.9936997678817158,FINITE
1009,1009,0,2.3316811768289902,FINITE
1010,1010,0,1.3456476824538046,FINITE
1011,1011,0,1.8990689641756306,FINITE
1012,1012,0,1.3472403764319958,FINITE
1013,1013,0,0.440761025644002,FINITE
1014,1014,0,1.4907818372540123,FINITE
1015,1015,0,1.3197999760008288,FINITE
1016,1016,0,2.1283754113491207,FINITE
1017,1017,0,1.390910452615924,FINITE
1018,1018,0,0.7559888328274076,FINITE
1019,1019,0,1.4476860994041991,FINITE
1020,1020,0,2.4356177642689665,FINITE
1021,1021,0,1.345492872318152,FINITE
1022,1022,0,1.401945545651479,FINITE
1023,1023,0,1.7079405998218797,FINITE
1024,1024,0,2.4789564836988895,FINITE
1025,1025,0,1.401096897894058,FINITE
1026,1026,0,2.2885041108813113,FINITE
1027,1027,0,1.3109034646228834,FINITE
1028,1028,0,1.846432498945867,FINITE
1029,1029,0,0.7593104344830459,FINITE
1030,1030,0,1.2641733019742256,FINITE
1031,1031,0,2.0059095897308827,FINITE
1032,1032,0,1.9763598883548088,FINITE
1033,1033,0,1.7447935043810787,FINITE
1034,1034,0,1.3199893602832042,FINITE
1035,1035,0,1.3796051839555652,FINITE
1036,1036,0,0.5035660184686819,FINITE
1037,1037,0,1.6336569006414257,FINITE
1038,1038,0,1.3325609341089293,FINITE
1039,1039,0,0.6064448799461086,FINITE
1040,1040,0,1.4018855915686472,FINITE
1041,1041,0,1.3308331364305175,FINITE
1042,1042,0,1.313285296027292,FINITE
1043,1043,0,1.973727237200838,FINITE
1044,1044,0,1.5667932566353675,FINITE
1045,1045,0,0.44832360430653584,FINITE
1046,1046,0,1.3378805402192648,FINITE
1047,1047,0,2.1654727099989577,FINITE
1048,1048,0,1.3418150759631886,FINITE
1049,1049,0,0.49861671578461425,FINITE
1050,1050,0,1.3211349979941778,FINITE
1051,1051,0,0.5653162331868408,FINITE
1052,1052,0,0.6374601070271773,FINITE
1053,1053,0,1.5196767425892055,FINITE
1054,1054,0,2.050813541216956,FINITE
1055,1055,0,0.44847411066609544,FINITE
1056,1056,0,1.4359056044368264,FINITE
1057,1057,0,1.7209033529286744,FINITE
1058,1058,0,2.0311630977872017,FINITE
1059,1059,0,2.2872985630710456,FINITE
1060,1060,0,2.0120827754792123,FINITE
1061,1061,0,0.9605176725849474,FINITE
1062,1062,0,0.9457783590308291,FINITE
1063,1063,0,2.26653205835615,FINITE
1064,1064,0,1.7354597028531484,FINITE
1065,1065,0,0.7324063088230272,FINITE
1066,1066,0,1.3627332050552474,FINITE
1067,1067,0,1.4271557284318956,FINITE
1068,1068,0,2.435650897906122,FINITE
1069,1069,0,0.7632695607516291,FINITE
1070,1070,0,1.5022247332940337,FINITE
1071,1071,0,1.3685669249612569,FINITE
1072,1072,0,1.4080409244990524,FINITE
1073,1073,0,1.8545842064585196,FINITE
1074,1074,0,1.4068489507077448,FINITE
1075,1075,0,1.295872141493377,FINITE
1076,1076,0,1.256111067855145,FINITE
1077,1077,0,1.3911963666983334,FINITE
1078,1078,0,1.6050861883320038,FINITE
1079,1079,0,1.8558933890243317,FINITE
1080,1080,0,1.3051500308670683,FINITE
1081,1081,0,1.4169638191508653,FINITE
1082,1082,0,2.1097757851484635,FINITE
1083,1083,0,2.3755401596618224,FINITE
1084,1084,0,2.1308015221277827,FINITE
1085,1085,0,2.2129609165496302,FINITE
1086,1086,0,1.3416645075891434,FINITE
1087,1087,0,1.6209498128436473,FINITE
1088,1088,0,1.3665523122320478,FINITE
1089,1089,0,1.8220924377230525,FINITE
1090,1090,0,1.3216382716844262,FINITE
1091,1091,0,2.079954896232955,FINITE
1092,1092,0,1.4889333924936698,FINITE
1093,1093,0,0.6003118006325154,FINITE
1094,1094,0,1.9395695794424008,FINITE
1095,1095,0,1.4060986447221897,FINITE
1096,1096,0,1.1082111248375361,FINITE
1097,1097,0,1.2512850831738511,FINITE
1098,1098,0,2.476092146073288,FINITE
1099,1099,0,1.3825094594069431,FINITE
1100,1100,0,1.741553796070678,FINITE
1101,1101,0,0.8836205294693326,FINITE
1102,1102,0,0.6570492312697565,FINITE
1103,1103,0,1.3561001933660215,FINITE
1104,1104,0,0.4981884538807876,FINITE
1105,1105,0,1.5579250253401598,FINITE
1106,1106,0,1.2100313607503947,FINITE
1107,1107,0,1.515678670137636,FINITE
1108,1108,0,2.2692128436167325,FINITE
1109,1109,0,1.4044064052933414,FINITE
1110,1110,0,0.8062603958000446,FINITE
1111,1111,0,2.149425267428203,FINITE
1112,1112,0,1.3170258380521036,FINITE
1113,1113,0,1.3563620613564096,FINITE
1114,1114,0,2.1596953136811896,FINITE
1115,1115,0,1.324924982021397,FINITE
1116,1116,0,1.609174066040039,FINITE
1117,1117,0,1.0492788750712725,FINITE
1118,1118,0,1.756779654119792,FINITE
1119,1119,0,2.1455806183649004,FINITE
1120,1120,0,1.550281368961524,FINITE
1121,1121,0,1.4043034467538562,FINITE
1122,1122,0,1.318837683037767,FINITE
1123,1123,0,1.2887428508230432,FINITE
1124,1124,0,1.4870202466757163,FINITE
1125,1125,0,0.828728478131556,FINITE
1126,1126,0,1.4147325194685725,FINITE
1127,1127,0,0.9126474779903972,FINITE
1128,1128,0,2.1492678090233057,FINITE
1129,1129,0,1.3199857498348808,FINITE
1130,1130,0,1.284581848373851,FINITE
1131,1131,0,1.9583735232581523,FINITE
1132,1132,0,0.5968775289416587,FINITE
1133,1133,0,1.1697614406557324,FINITE
1134,1134,0,0.6154590420372814,FINITE
1135,1135,0,0.4494745017164493,FINITE
1136,1136,0,0.6035569445254132,FINITE
1137,1137,0,2.1137924222344626,FINITE
1138,1138,0,1.4472858554316284,FINITE
1139,1139,0,1.1605416879544577,FINITE
1140,1140,0,1.4806236016898615,FINITE
1141,1141,0,1.6866768452705054,FINITE
1142,1142,0,2.1673755712788703,FINITE
1143,1143,0,1.8657848567171975,FINITE
1144,1144,0,0.5167166530522065,FINITE
1145,1145,0,1.4190338930759712,FINITE
1146,1146,0,1.3049178032162654,FINITE
1147,1147,0,1.4479296206712573,FINITE
1148,1148,0,1.3003470328175246,FINITE
1149,1149,0,2.386505992874869,FINITE
1150,1150,0,2.2427961332351956,FINITE
1151,1151,0,1.7034646278344558,FINITE
1152,1152,0,1.243064800153221,FINITE
1153,1153,0,1.0252208476978626,FINITE
1154,1154,0,0.45207677466247265,FINITE
1155,1155,0,1.493449398622444,FINITE
1156,1156,0,1.560162658967402,FINITE
1157,1157,0,1.4258934765442948,FINITE
1158,1158,0,1.268094120966253,FINITE
1159,1159,0,1.2630819879591049,FINITE
1160,1160,0,1.3226177230025882,FINITE
1161,1161,0,2.028933926624809,FINITE
1162,1162,0,1.2545278657610606,FINITE
1163,1163,0,0.9990619977270931,FINITE
1164,1164,0,1.299569929126914,FINITE
1165,1165,0,1.857086016713822,FINITE
1166,1166,0,2.39873381873145,FINITE
1167,1167,0,2.329153748745807,FINITE
1168,1168,0,1.2027312952585243,FINITE
1169,1169,0,2.0304863001051103,FINITE
1170,1170,0,1.5684154396174854,FINITE
1171,1171,0,1.315226870630186,FINITE
1172,1172,0,1.916911364669203,FINITE
1173,1173,0,1.6071250889641493,FINITE
1174,1174,0,1.4207842207355021,FINITE
1175,1175,0,1.290478048299596,FINITE
1176,1176,0,1.4454438006681252,FINITE
1177,1177,0,1.422686225398496,FINITE
1178,1178,0,2.057952800624732,FINITE
1179,1179,0,0.8928080843226687,FINITE
1180,1180,0,1.4058630490502662,FINITE
1181,1181,0,2.085445506232704,FINITE
1182,1182,0,1.8294896955064552,FINITE
1183,1183,0,1.7161191593469973,FINITE
1184,1184,0,1.859027614082213,FINITE
1185,1185,0,0.6451414317575642,FINITE
1186,1186,0,0.8114753623789492,FINITE
1187,1187,0,1.6258196238144094,FINITE
1188,1188,0,1.8406984698433213,FINITE
1189,1189,0,1.2410151237006286,FINITE
1190,1190,0,0.6195024551546118,FINITE
1191,1191,0,1.3570692654627623,FINITE
1192,1192,0,1.8465761411987363,FINITE
1193,1193,0,1.2763197659232723,FINITE
1194,1194,0,1.4114703308997663,FINITE
1195,1195,0,0.49723360971526154,FINITE
1196,1196,0,1.3273764404582138,FINITE
1197,1197,0,1.3007491321062201,FINITE
1198,1198,0,0.48744442770819313,FINITE
1199,1199,0,1.5620638384568362,FINITE
1200,1200,0,1.1205563389464523,FINITE
1201,1201,0,2.094682301600828,FINITE
1202,1202,0,2.299540149810632,FINITE
1203,1203,0,0.4542302373977116,FINITE
1204,1204,0,1.369675729743499,FINITE
1205,1205,0,1.2824180175924986,FINITE
1206,1206,0,1.5966184728682957,FINITE
1207,1207,0,0.5369362043037371,FINITE
1208,1208,0,2.052571898508531,FINITE
1209,1209,0,0.49279336886714487,FINITE
1210,1210,0,2.088091961033977,FINITE
1211,1211,0,1.7731088167134534,FINITE
1212,1212,0,0.5857897987327095,FINITE
1213,1213,0,1.9502827712278046,FINITE
1214,1214,0,1.4187489766684767,FINITE
1215,1215,0,0.6238988552438458,FINITE
1216,1216,0,1.3204303394903008,FINITE
1217,1217,0,1.810592772855697,FINITE
1218,1218,0,1.991438677058054,FINITE
1219,1219,0,1.1511168716764688,FINITE
1220,1220,0,1.5956721520593498,FINITE
1221,1221,0,2.3774957102707246,FINITE
1222,1222,0,1.4497233049351093,FINITE
1223,1223,0,2.242652601589705,FINITE
1224,1224,0,1.436185746151521,FINITE
1225,1225,0,1.3795565634724305,FINITE
1226,1226,0,1.3717633971003305,FINITE
1227,1227,0,2.370217689364978,FINITE
1228,1228,0,1.5040805279046459,FINITE
1229,1229,0,2.2825412173929855,FINITE
1230,1230,0,0.6538696805855435,FINITE
1231,1231,0,1.529233420740591,FINITE
1232,1232,0,0.4579570351345592,FINITE
1233,1233,0,2.422833004727604,FINITE
1234,1234,0,1.2649628709201086,FINITE
1235,1235,0,1.2920513728371121,FINITE
1236,1236,0,1.1688820079360738,FINITE
1237,1237,0,2.1136192112583867,FINITE
1238,1238,0,0.599018651296732,FINITE
1239,1239,0,1.5319252724675132,FINITE
1240,1240,0,1.5096295994629274,FINITE
1241,1241,0,1.2766774767121607,FINITE
1242,1242,0,1.1049431919790706,FINITE
1243,1243,0,1.3706606229990177,FINITE
1244,1244,0,2.358159242506193,FINITE
1245,1245,0,1.868691330211624,FINITE
1246,1246,0,0.44555769048031846,FINITE
1247,1247,0,1.3096857524147094,FINITE
1248,1248,0,0.44215701571126226,FINITE
1249,1249,0,2.2181623047638266,FINITE
1250,1250,0,1.6885944489954599,FINITE
1251,1251,0,1.5095916773176032,FINITE
1252,1252,0,1.7110457272945723,FINITE
1253,1253,0,1.5269318602575535,FINITE
1254,1254,0,1.6382074881908764,FINITE
1255,1255,0,1.677485096805683,FINITE
1256,1256,0,1.3012711609437402,FINITE
1257,1257,0,2.1597039897270487,FINITE
1258,1258,0,1.9084466856357853,FINITE
1259,1259,0,2.478527315610214,FINITE
1260,1260,0,1.375804118098006,FINITE
1261,1261,0,2.30543696068606,FINITE
1262,1262,0,1.9976999499879615,FINITE
1263,1263,0,1.3046461039699124,FINITE
1264,1264,0,2.035090700096886,FINITE
1265,1265,0,1.8330827729279762,FINITE
1266,1266,0,2.2562864928487762,FINITE
1267,1267,0,2.228009444889176,FINITE
1268,1268,0,1.5893106292199506,FINITE
1269,1269,0,1.8502763564731597,FINITE
1270,1270,0,1.387161592749497,FINITE
1271,1271,0,1.0605833489618566,FINITE
1272,1272,0,1.6354331131136866,FINITE
1273,1273,0,0.8782166723837159,FINITE
1274,1274,0,1.7622540682000363,FINITE
1275,1275,0,1.9116771053479336,FINITE
1276,1276,0,1.5573287430847629,FINITE
1277,1277,0,0.5900042542903684,FINITE
1278,1278,0,1.8041095066889434,FINITE
1279,1279,0,1.9338855206549743,FINITE
1280,1280,0,1.2693682281572833,FINITE
1281,1281,0,1.6370014754765387,FINITE
1282,1282,0,1.4954358715321603,FINITE
1283,1283,0,2.110545531353163,FINITE
1284,1284,0,1.3835590135537146,FINITE
1285,1285,0,1.3455086203739928,FINITE
1286,1286,0,1.2505743256607262,FINITE
1287,1287,0,0.4469041849771539,FINITE
1288,1288,0,0.5678121335758834,FINITE
1289,1289,0,1.9155087302815967,FINITE
1290,1290,0,1.3493032606554058,FINITE
1291,1291,0,1.064284056254769,FINITE
1292,1292,0,1.4007056255974701,FINITE
1293,1293,0,2.680562627618368,FINITE
1294,1294,0,1.8727353908853994,FINITE
1295,1295,0,0.9154442951734696,FINITE
1296,1296,0,2.328828090824697,FINITE
1297,1297,0,1.3567226242871038,FINITE
1298,1298,0,2.0719333467331653,FINITE
1299,1299,0,1.3475488414764423,FINITE
1300,1300,0,0.5558462733312521,FINITE
1301,1301,0,1.4110506982977047,FINITE
1302,1302,0,1.3175961858599,FINITE
1303,1303,0,2.1681591744634483,FINITE
1304,1304,0,1.3600319419089932,FINITE
1305,1305,0,0.6817190956435769,FINITE
1306,1306,0,1.3905866146783166,FINITE
1307,1307,0,2.4007175494328568,FINITE
1308,1308,0,1.3220107340973357,FINITE
1309,1309,0,1.402523609955706,FINITE
1310,1310,0,1.722230211628982,FINITE
1311,1311,0,2.0429196679141852,FINITE
1312,1312,0,1.3725245958794614,FINITE
1313,1313,0,2.14347055227907,FINITE
1314,1314,0,1.3132476154952977,FINITE
1315,1315,0,1.5180357840631704,FINITE
1316,1316,0,0.9638919010104923,FINITE
1317,1317,0,1.3115494448303497,FINITE
1318,1318,0,1.9524043975457672,FINITE
1319,1319,0,1.9749109172039487,FINITE
1320,1320,0,1.7525812571063104,FINITE
1321,1321,0,1.320470764914043,FINITE
1322,1322,0,1.3805958772346303,FINITE
1323,1323,0,0.5034016000126205,FINITE
1324,1324,0,1.2539660592438735,FINITE
1325,1325,0,1.3389069116574668,FINITE
1326,1326,0,1.4613514796910907,FINITE
1327,1327,0,1.3914196288826437,FINITE
1328,1328,0,1.3281527283829906,FINITE
1329,1329,0,1.3713883538002376,FINITE
1330,1330,0,2.4397131478643876,FINITE
1331,1331,0,1.564677309036122,FINITE
1332,1332,0,0.4445723553114626,FINITE
1333,1333,0,1.5614450995348514,FINITE
1334,1334,0,2.1646216516345484,FINITE
1335,1335,0,1.3641777922117924,FINITE
1336,1336,0,0.4985550795795733,FINITE
1337,1337,0,1.4948833883788941,FINITE
1338,1338,0,1.7554696983841778,FINITE
1339,1339,0,0.5094638698671777,FINITE
1340,1340,0,1.7100414861780833,FINITE
1341,1341,0,1.2873541329223135,FINITE
1342,1342,0,0.4456814544855214,FINITE
1343,1343,0,1.4318778852305303,FINITE
1344,1344,0,1.7089458486575846,FINITE
1345,1345,0,2.0845780619782124,FINITE
1346,1346,0,2.2883189711216105,FINITE
1347,1347,0,1.5905107955154456,FINITE
1348,1348,0,0.9546929770639567,FINITE
1349,1349,0,1.155949974408731,FINITE
1350,1350,0,2.2566803731731664,FINITE
1351,1351,0,1.4402558639610776,FINITE
1352,1352,0,0.8235064279819775,FINITE
1353,1353,0,1.361967486151869,FINITE
1354,1354,0,1.3973585466975968,FINITE
1355,1355,0,2.637346647061742,FINITE
1356,1356,0,0.7622949947957232,FINITE
1357,1357,0,1.7362280797366125,FINITE
1358,1358,0,1.4074337362659342,FINITE
1359,1359,0,1.6728804209520176,FINITE
1360,1360,0,1.8496016548464553,FINITE
1361,1361,0,1.464893100594103,FINITE
1362,1362,0,1.3160570140284538,FINITE
1363,1363,0,1.2187329872280583,FINITE
1364,1364,0,1.3862556412378662,FINITE
1365,1365,0,1.8306509802924837,FINITE
1366,1366,0,1.853140696906653,FINITE
1367,1367,0,1.3090048590082244,FINITE
1368,1368,0,1.951658571976019,FINITE
1369,1369,0,2.069203211394367,FINITE
1370,1370,0,2.375549310563509,FINITE
1371,1371,0,1.865946322363778,FINITE
1372,1372,0,2.291905397132128,FINITE
1373,1373,0,1.3516897086017126,FINITE
1374,1374,0,1.4925684210030974,FINITE
1375,1375,0,1.5430699940398298,FINITE
1376,1376,0,1.754844739022514,FINITE
1377,1377,0,1.4781713844218967,FINITE
1378,1378,0,2.084897773779949,FINITE
1379,1379,0,1.489395793777669,FINITE
1380,1380,0,0.8809631443178683,FINITE
1381,1381,0,1.9434606430455776,FINITE
1382,1382,0,1.3980743774185127,FINITE
1383,1383,0,0.5134698602748144,FINITE
1384,1384,0,1.246419969342672,FINITE
1385,1385,0,2.4656891469651967,FINITE
1386,1386,0,1.7669471159587378,FINITE
1387,1387,0,1.7045662986543322,FINITE
1388,1388,0,0.8884359722588132,FINITE
1389,1389,0,0.6694956263658741,FINITE
1390,1390,0,1.5427013146927417,FINITE
1391,1391,0,2.3821578209009964,FINITE
1392,1392,0,1.5524843039738847,FINITE
1393,1393,0,1.1926259642090526,FINITE
1394,1394,0,1.2648496520072379,FINITE
1395,1395,0,2.2575495558929672,FINITE
1396,1396,0,1.8123692887156806,FINITE
1397,1397,0,0.8053075015597763,FINITE
1398,1398,0,2.1665198779120547,FINITE
1399,1399,0,2.0244177526533838,FINITE
1400,1400,0,1.3220945142303127,FINITE
1401,1401,0,2.2130489134650713,FINITE
1402,1402,0,1.420964932662025,FINITE
1403,1403,0,1.6163747841072982,FINITE
1404,1404,0,1.0444661616077804,FINITE
1405,1405,0,1.931944209675804,FINITE
1406,1406,0,2.133110579369089,FINITE
1407,1407,0,1.5726214287603963,FINITE
1408,1408,0,1.3738090323859542,FINITE
1409,1409,0,1.3200925022443342,FINITE
1410,1410,0,1.4089516045073718,FINITE
1411,1411,0,1.4894828561496642,FINITE
1412,1412,0,0.8298656653653511,FINITE
1413,1413,0,1.3346920160549054,FINITE
1414,1414,0,1.5420686655753335,FINITE
1415,1415,0,2.150572026656808,FINITE
1416,1416,0,1.3936114223696676,FINITE
1417,1417,0,0.9506914042950326,FINITE
1418,1418,0,1.8449615015260894,FINITE
1419,1419,0,0.5153125943756145,FINITE
1420,1420,0,1.3624311920261811,FINITE
1421,1421,0,0.6074498875432586,FINITE
1422,1422,0,1.86773924504558,FINITE
1423,1423,0,0.6264052740123952,FINITE
1424,1424,0,1.672988663024475,FINITE
1425,1425,0,1.4576654032039977,FINITE
1426,1426,0,1.1500848343951464,FINITE
1427,1427,0,1.7323977563959807,FINITE
1428,1428,0,1.701818790455658,FINITE
1429,1429,0,2.1732953413518556,FINITE
1430,1430,0,1.783096594634533,FINITE
1431,1431,0,1.260601263412437,FINITE
1432,1432,0,1.4153768125819726,FINITE
1433,1433,0,1.3055701396419184,FINITE
1434,1434,0,1.4970215876136566,FINITE
1435,1435,0,1.303081287898849,FINITE
1436,1436,0,2.3832730860676916,FINITE
1437,1437,0,2.238385078926497,FINITE
1438,1438,0,1.705624377561605,FINITE
1439,1439,0,1.3052118116124607,FINITE
1440,1440,0,0.9883924531229102,FINITE
1441,1441,0,0.4513184706995758,FINITE
1442,1442,0,1.5490196537919272,FINITE
1443,1443,0,1.5609662662786914,FINITE
1444,1444,0,1.3959004903967658,FINITE
1445,1445,0,1.268036029247945,FINITE
1446,1446,0,1.2315969504781619,FINITE
1447,1447,0,0.4469974137360697,FINITE
1448,1448,0,2.0347751929726865,FINITE
1449,1449,0,1.3949073730027375,FINITE
1450,1450,0,1.5155651511998751,FINITE
1451,1451,0,1.6384597880417484,FINITE
1452,1452,0,1.8461742253843763,FINITE
1453,1453,0,2.4003315457864707,FINITE
1454,1454,0,2.0528581396878085,FINITE
1455,1455,0,1.2896908649316727,FINITE
1456,1456,0,1.5701416423586663,FINITE
1457,1457,0,1.569421921783805,FINITE
1458,1458,0,1.3081057033143888,FINITE
1459,1459,0,1.3277669585865022,FINITE
1460,1460,0,1.563351654953201,FINITE
1461,1461,0,1.5217146299985305,FINITE
1462,1462,0,1.1040375741322626,FINITE
1463,1463,0,1.470759859378165,FINITE
1464,1464,0,1.4171653725049587,FINITE
1465,1465,0,2.0626652789085833,FINITE
1466,1466,0,1.0207895922501165,FINITE
1467,1467,0,1.86925431817477,FINITE
1468,1468,0,2.0960821553032045,FINITE
1469,1469,0,1.824803885811264,FINITE
1470,1470,0,1.8091191331466308,FINITE
1471,1471,0,1.844864025938472,FINITE
1472,1472,0,0.5654327957992591,FINITE
1473,1473,0,1.7935030358727095,FINITE
1474,1474,0,1.9202742148147298,FINITE
1475,1475,0,1.7890700782400506,FINITE
1476,1476,0,1.2408500181318451,FINITE
1477,1477,0,0.5930562881099429,FINITE
1478,1478,0,1.3722042955126565,FINITE
1479,1479,0,2.164483512584876,FINITE
1480,1480,0,1.4356734082323994,FINITE
1481,1481,0,1.6428374066496976,FINITE
1482,1482,0,0.45070349288425327,FINITE
1483,1483,0,1.3315990313632269,FINITE
1484,1484,0,1.2180329587855687,FINITE
1485,1485,0,0.48973685412571405,FINITE
1486,1486,0,1.601948270250276,FINITE
1487,1487,0,1.684804287172859,FINITE
1488,1488,0,2.215115403210674,FINITE
1489,1489,0,2.314915705565562,FINITE
1490,1490,0,1.747462571756207,FINITE
1491,1491,0,1.0443160883260167,FINITE
1492,1492,0,1.2683994644642627,FINITE
1493,1493,0,1.5755780189678439,FINITE
1494,1494,0,0.65096883655441,FINITE
1495,1495,0,2.2529072121284544,FINITE
1496,1496,0,0.49959171163796096,FINITE
1497,1497,0,2.0535805602631383,FINITE
1498,1498,0,1.7794072406706032,FINITE
1499,1499,0,2.0728016407690824,FINITE
1500,1500,0,2.125753658873224,FINITE
1501,1501,0,1.415809834667785,FINITE
1502,1502,0,0.4511619976196417,FINITE
1503,1503,0,1.701554622262945,FINITE
1504,1504,0,2.116963949776446,FINITE
1505,1505,0,1.7109120915566312,FINITE
1506,1506,0,1.1517440308577302,FINITE
1507,1507,0,1.688690697502972,FINITE
1508,1508,0,2.3615777156548265,FINITE
1509,1509,0,2.1384472113691726,FINITE
1510,1510,0,2.248938362830849,FINITE
1511,1511,0,1.6935136685894805,FINITE
1512,1512,0,1.2531309797161514,FINITE
1513,1513,0,1.3359631785221604,FINITE
1514,1514,0,2.3778748419326323,FINITE
1515,1515,0,1.4097322549019995,FINITE
1516,1516,0,2.282851773055524,FINITE
1517,1517,0,0.5211112793902049,FINITE
1518,1518,0,1.9551517896244937,FINITE
1519,1519,0,0.4449755557578779,FINITE
1520,1520,0,2.5626640043417375,FINITE
1521,1521,0,1.2890454917874576,FINITE
1522,1522,0,1.5117322167752902,FINITE
1523,1523,0,1.163652972979591,FINITE
1524,1524,0,2.1124788124167866,FINITE
1525,1525,0,0.8914138129775961,FINITE
1526,1526,0,1.3760804228020977,FINITE
1527,1527,0,1.830636514382213,FINITE
1528,1528,0,1.3595407874196002,FINITE
1529,1529,0,1.1014555251783835,FINITE
1530,1530,0,1.3809857804389196,FINITE
1531,1531,0,2.470123180420198,FINITE
1532,1532,0,1.8325908769151706,FINITE
1533,1533,0,0.5306430133050288,FINITE
1534,1534,0,1.7129931944755379,FINITE
1535,1535,0,0.4462566933350748,FINITE
1536,1536,0,2.2061144111834,FINITE
1537,1537,0,1.688737535268404,FINITE
1538,1538,0,1.5328715624877902,FINITE
1539,1539,0,0.5005284047881814,FINITE
1540,1540,0,1.5288638959083807,FINITE
1541,1541,0,1.581295981533751,FINITE
1542,1542,0,1.3478059661601445,FINITE
1543,1543,0,1.1189865062968098,FINITE
1544,1544,0,2.1629044127648793,FINITE
1545,1545,0,1.687643895230284,FINITE
1546,1546,0,2.472233782277245,FINITE
1547,1547,0,1.3744504131257271,FINITE
1548,1548,0,2.3154342494506612,FINITE
1549,1549,0,1.9365979746242317,FINITE
1550,1550,0,1.6837275429357668,FINITE
1551,1551,0,2.0376760314891413,FINITE
1552,1552,0,2.01520449537476,FINITE
1553,1553,0,1.6716933283987112,FINITE
1554,1554,0,2.229398797483886,FINITE
1555,1555,0,1.8268567741189137,FINITE
1556,1556,0,1.8421751428229172,FINITE
1557,1557,0,1.4062285186411732,FINITE
1558,1558,0,0.9986161845468617,FINITE
1559,1559,0,1.5049706447161297,FINITE
1560,1560,0,0.8690625472203428,FINITE
1561,1561,0,1.7550564573284837,FINITE
1562,1562,0,1.9944413933730416,FINITE
1563,1563,0,1.482746472569913,FINITE
1564,1564,0,1.1981710163772954,FINITE
1565,1565,0,1.7278293605096298,FINITE
1566,1566,0,1.625671530814416,FINITE
1567,1567,0,1.279004268052799,FINITE
1568,1568,0,1.6388109428716497,FINITE
1569,1569,0,1.4887921608947061,FINITE
1570,1570,0,2.1088557999559847,FINITE
1571,1571,0,1.3056768562453058,FINITE
1572,1572,0,1.5199601847423505,FINITE
1573,1573,0,1.5132018702361165,FINITE
1574,1574,0,1.9802926725018557,FINITE
1575,1575,0,0.5714446955798115,FINITE
1576,1576,0,1.9185508073965043,FINITE
1577,1577,0,1.338388432744415,FINITE
1578,1578,0,0.7324869749362612,FINITE
1579,1579,0,1.3984873503074233,FINITE
1580,1580,0,2.683177930907124,FINITE
1581,1581,0,1.8728055411519975,FINITE
1582,1582,0,1.0066257819266973,FINITE
1583,1583,0,2.3982898061654874,FINITE
1584,1584,0,1.3528261398979373,FINITE
1585,1585,0,2.1954232706229018,FINITE
1586,1586,0,1.3224749572554875,FINITE
1587,1587,0,0.558818457580641,FINITE
1588,1588,0,1.4417121978656495,FINITE
1589,1589,0,1.3281910037215758,FINITE
1590,1590,0,2.095388335726904,FINITE
1591,1591,0,1.3465358949736161,FINITE
1592,1592,0,0.6264899438413678,FINITE
1593,1593,0,1.4147579187315948,FINITE
1594,1594,0,2.3670684895480463,FINITE
1595,1595,0,1.3234298098098056,FINITE
1596,1596,0,1.5306731429637996,FINITE
1597,1597,0,1.7121912537062485,FINITE
1598,1598,0,2.5549386077707945,FINITE
1599,1599,0,1.385137980042539,FINITE
1600,1600,0,2.0842394528041126,FINITE
1601,1601,0,1.3168702787521247,FINITE
1602,1602,0,1.7845626547264293,FINITE
1603,1603,0,0.4478023164564697,FINITE
1604,1604,0,1.270205134569911,FINITE
1605,1605,0,1.9312579544165196,FINITE
1606,1606,0,1.9778522908888072,FINITE
1607,1607,0,1.769357806016292,FINITE
1608,1608,0,1.2877895144768017,FINITE
1609,1609,0,1.366934165419798,FINITE
1610,1610,0,0.5712553261979744,FINITE
1611,1611,0,1.4142129415268991,FINITE
1612,1612,0,1.3120268087826632,FINITE
1613,1613,0,1.0478510402098913,FINITE
1614,1614,0,1.3904494520613602,FINITE
1615,1615,0,1.3315679868859014,FINITE
1616,1616,0,1.6940560706562273,FINITE
1617,1617,0,2.4403652548666788,FINITE
1618,1618,0,1.573157748950198,FINITE
1619,1619,0,0.4441302482858418,FINITE
1620,1620,0,1.5606901298513662,FINITE
1621,1621,0,2.1630173905120396,FINITE
1622,1622,0,1.3652638088238136,FINITE
1623,1623,0,0.49597319162830467,FINITE
1624,1624,0,1.3651366161391154,FINITE
1625,1625,0,1.7568246649392187,FINITE
1626,1626,0,0.5109275367257999,FINITE
1627,1627,0,1.6889722453452367,FINITE
1628,1628,0,1.343563672928596,FINITE
1629,1629,0,1.843527977722412,FINITE
1630,1630,0,1.4365758308926946,FINITE
1631,1631,0,1.6952289232191275,FINITE
1632,1632,0,1.9886330928897005,FINITE
1633,1633,0,2.2841963909456475,FINITE
1634,1634,0,1.5935957501897495,FINITE
1635,1635,0,1.4665251191555466,FINITE
1636,1636,0,0.9975214567842752,FINITE
1637,1637,0,2.46654352870334,FINITE
1638,1638,0,1.3104467722694724,FINITE
1639,1639,0,0.822089656685242,FINITE
1640,1640,0,1.3361044111337017,FINITE
1641,1641,0,1.3928349241502607,FINITE
1642,1642,0,1.8966780341073177,FINITE
1643,1643,0,0.662160209658381,FINITE
1644,1644,0,1.7330928400636663,FINITE
1645,1645,0,1.565231696576505,FINITE
1646,1646,0,1.675267816573809,FINITE
1647,1647,0,1.8930969261913577,FINITE
1648,1648,0,1.4627414434282033,FINITE
1649,1649,0,1.3129041414722282,FINITE
1650,1650,0,1.221820195147496,FINITE
1651,1651,0,1.4622603303828452,FINITE
1652,1652,0,1.8085012567627075,FINITE
1653,1653,0,1.6913953628475478,FINITE
1654,1654,0,1.5723753720295262,FINITE
1655,1655,0,1.8061011086531535,FINITE
1656,1656,0,2.0630465987803106,FINITE
1657,1657,0,2.3852006159024484,FINITE
1658,1658,0,1.8751497222417743,FINITE
1659,1659,0,2.284249462558361,FINITE
1660,1660,0,1.3541250692227143,FINITE
1661,1661,0,1.4922505170525842,FINITE
1662,1662,0,1.3521000061630453,FINITE
1663,1663,0,2.0971516223813316,FINITE
1664,1664,0,1.8987897749065699,FINITE
1665,1665,0,2.077285475317989,FINITE
1666,1666,0,1.4906716197366912,FINITE
1667,1667,0,0.920417985219733,FINITE
1668,1668,0,2.1652383736632648,FINITE
1669,1669,0,1.4006052662009827,FINITE
1670,1670,0,1.287506258430052,FINITE
1671,1671,0,1.2398815161727295,FINITE
1672,1672,0,2.4910691552986926,FINITE
1673,1673,0,1.7176754951189892,FINITE
1674,1674,0,1.7109858265766447,FINITE
1675,1675,0,0.5052748502340778,FINITE
1676,1676,0,0.9696758994863148,FINITE
1677,1677,0,1.5433940862968654,FINITE
1678,1678,0,0.5321464966632705,FINITE
1679,1679,0,1.5355075361420227,FINITE
1680,1680,0,1.2115169206574838,FINITE
1681,1681,0,1.6498094044020246,FINITE
1682,1682,0,2.0810869644867975,FINITE
1683,1683,0,1.7262500379092929,FINITE
1684,1684,0,0.8033432794384388,FINITE
1685,1685,0,2.171799818382769,FINITE
1686,1686,0,2.1288016492539903,FINITE
1687,1687,0,1.3185352310651477,FINITE
1688,1688,0,2.1704431849289785,FINITE
1689,1689,0,1.3272224447172674,FINITE
1690,1690,0,1.8929568485683654,FINITE
1691,1691,0,1.0462119283635856,FINITE
1692,1692,0,1.9649466707295855,FINITE
1693,1693,0,2.1536752699289083,FINITE
1694,1694,0,1.6479071971207375,FINITE
1695,1695,0,1.4009995014622771,FINITE
1696,1696,0,1.3335945063598134,FINITE
1697,1697,0,1.4043143950797197,FINITE
1698,1698,0,1.5135480409305777,FINITE
1699,1699,0,0.8480121626125302,FINITE
1700,1700,0,1.3414002406780052,FINITE
1701,1701,0,1.5135521429618728,FINITE
1702,1702,0,2.160520106522964,FINITE
1703,1703,0,1.3392367276045296,FINITE
1704,1704,0,1.4668059302467515,FINITE
1705,1705,0,1.9611412956759855,FINITE
1706,1706,0,0.5973046016065,FINITE
1707,1707,0,1.3181959810563812,FINITE
1708,1708,0,0.6255005840478925,FINITE
1709,1709,0,1.8684413851855823,FINITE
1710,1710,0,0.6269624110531768,FINITE
1711,1711,0,2.1437697389656503,FINITE
1712,1712,0,1.4321331419104806,FINITE
1713,1713,0,1.1474695550126537,FINITE
1714,1714,0,1.480087933386992,FINITE
1715,1715,0,1.6947676294841698,FINITE
1716,1716,0,2.3620776515282076,FINITE
1717,1717,0,1.865552519650557,FINITE
1718,1718,0,1.2626455329911763,FINITE
1719,1719,0,1.419228030935032,FINITE
1720,1720,0,1.3087157695974563,FINITE
1721,1721,0,1.2286484423539847,FINITE
1722,1722,0,1.3113647521612053,FINITE
1723,1723,0,2.4414616697498452,FINITE
1724,1724,0,2.241324215368314,FINITE
1725,1725,0,1.6989570163877157,FINITE
1726,1726,0,1.0385422892061145,FINITE
1727,1727,0,1.0252990217698439,FINITE
1728,1728,0,0.45272614249860177,FINITE
1729,1729,0,1.4952672284257473,FINITE
1730,1730,0,1.5340638252240568,FINITE
1731,1731,0,1.416252985948145,FINITE
1732,1732,0,1.69299300713854,FINITE
1733,1733,0,1.2328139292943117,FINITE
1734,1734,0,1.3107439907523477,FINITE
1735,1735,0,2.0319847265459643,FINITE
1736,1736,0,1.254277099946591,FINITE
1737,1737,0,1.6933761810221806,FINITE
1738,1738,0,1.2946219131074896,FINITE
1739,1739,0,1.7682007691692614,FINITE
1740,1740,0,2.4048217444181232,FINITE
1741,1741,0,1.981674202763424,FINITE
1742,1742,0,1.201641276867632,FINITE
1743,1743,0,1.5566245057783399,FINITE
1744,1744,0,1.5732389571901404,FINITE
1745,1745,0,1.3072579237174007,FINITE
1746,1746,0,1.7186318687299271,FINITE
1747,1747,0,1.5757768772554326,FINITE
1748,1748,0,1.4204366945927287,FINITE
1749,1749,0,1.1146813256600243,FINITE
1750,1750,0,1.451109780964388,FINITE
1751,1751,0,1.4302699563659884,FINITE
1752,1752,0,0.9390188237903127,FINITE
1753,1753,0,1.0202052828078982,FINITE
1754,1754,0,1.4003447865202752,FINITE
1755,1755,0,2.126988252787645,FINITE
1756,1756,0,1.8311688502609926,FINITE
1757,1757,0,1.9914544922218962,FINITE
1758,1758,0,1.8439406661590396,FINITE
1759,1759,0,0.56393954317936,FINITE
1760,1760,0,2.1141133985466674,FINITE
1761,1761,0,1.5905396864612968,FINITE
1762,1762,0,1.7862009487969817,FINITE
1763,1763,0,1.9186029624452732,FINITE
1764,1764,0,0.6005648500618579,FINITE
1765,1765,0,1.6151961995953514,FINITE
1766,1766,0,2.1660364855691308,FINITE
1767,1767,0,1.4372814904881623,FINITE
1768,1768,0,1.3555044119364004,FINITE
1769,1769,0,0.44392629307270276,FINITE
1770,1770,0,1.671735340340935,FINITE
1771,1771,0,1.2760750305879376,FINITE
1772,1772,0,1.7305817627912594,FINITE
1773,1773,0,1.571922353917905,FINITE
1774,1774,0,1.684441718818808,FINITE
1775,1775,0,2.212581398945469,FINITE
1776,1776,0,2.3026694510357655,FINITE
1777,1777,0,1.7638888828202337,FINITE
1778,1778,0,1.3708817213160374,FINITE
1779,1779,0,1.2700394146278247,FINITE
1780,1780,0,1.822757152371655,FINITE
1781,1781,0,0.5348836790005776,FINITE
1782,1782,0,2.2487317055371534,FINITE
1783,1783,0,0.4908564845963454,FINITE
1784,1784,0,2.079683922317691,FINITE
1785,1785,0,1.7728319068685576,FINITE
1786,1786,0,2.083253014007343,FINITE
1787,1787,0,2.119173756728868,FINITE
1788,1788,0,1.4124496498670132,FINITE
1789,1789,0,0.5348102307231443,FINITE
1790,1790,0,2.0210044181768287,FINITE
1791,1791,0,1.8082871256904476,FINITE
1792,1792,0,1.9787598066277332,FINITE
1793,1793,0,1.1449839143012521,FINITE
1794,1794,0,1.597518406790594,FINITE
1795,1795,0,2.3491417576752918,FINITE
1796,1796,0,1.6018790827438356,FINITE
1797,1797,0,2.254813855274131,FINITE
1798,1798,0,1.4584615507920384,FINITE
1799,1799,0,1.3771421995784203,FINITE
1800,1800,0,1.4334637363862424,FINITE
1801,1801,0,2.3611849245950194,FINITE
1802,1802,0,1.4125853790214333,FINITE
1803,1803,0,2.2851541917706255,FINITE
1804,1804,0,0.5578173518656615,FINITE
1805,1805,0,1.9557739060603474,FINITE
1806,1806,0,0.4425538128283617,FINITE
1807,1807,0,2.5580993091684117,FINITE
1808,1808,0,1.2927400488304728,FINITE
1809,1809,0,1.511851153640885,FINITE
1810,1810,0,1.1616972051640437,FINITE
1811,1811,0,2.133154636616753,FINITE
1812,1812,0,1.1029556497006707,FINITE
1813,1813,0,1.3741492321178521,FINITE
1814,1814,0,1.885752218245691,FINITE
1815,1815,0,1.345164938866664,FINITE
1816,1816,0,1.170506940375064,FINITE
1817,1817,0,1.3464513150556066,FINITE
1818,1818,0,2.469584699414235,FINITE
1819,1819,0,1.822935534676168,FINITE
1820,1820,0,0.5305655084816747,FINITE
1821,1821,0,1.3072016378122615,FINITE
1822,1822,0,0.44172119861485293,FINITE
1823,1823,0,2.340949676517108,FINITE
1824,1824,0,1.6868133722228609,FINITE
1825,1825,0,1.5716062490146174,FINITE
1826,1826,0,1.711479241827589,FINITE
1827,1827,0,1.5244274902264228,FINITE
1828,1828,0,2.4867945598012224,FINITE
1829,1829,0,1.6770909568136334,FINITE
1830,1830,0,1.541742661726838,FINITE
1831,1831,0,2.132930627331999,FINITE
1832,1832,0,1.9071602625757527,FINITE
1833,1833,0,2.478192722855217,FINITE
1834,1834,0,1.3739429870732294,FINITE
1835,1835,0,2.3058552501458136,FINITE
1836,1836,0,1.995978267183867,FINITE
1837,1837,0,1.6898091123661725,FINITE
1838,1838,0,2.035770713371596,FINITE
1839,1839,0,1.7994762886928855,FINITE
1840,1840,0,1.9254858945573556,FINITE
1841,1841,0,2.281771393862694,FINITE
1842,1842,0,1.5910064526196184,FINITE
1843,1843,0,1.8394165682515624,FINITE
1844,1844,0,1.4226744714083834,FINITE
1845,1845,0,1.0325952798543252,FINITE
1846,1846,0,1.8536522131643203,FINITE
1847,1847,0,0.871817642693896,FINITE
1848,1848,0,1.7611395573092739,FINITE
1849,1849,0,1.9162829019027308,FINITE
1850,1850,0,1.602558678385079,FINITE
1851,1851,0,1.442358664546973,FINITE
1852,1852,0,1.809871718926345,FINITE
1853,1853,0,1.6970212991241995,FINITE
1854,1854,0,1.271020007876063,FINITE
1855,1855,0,1.626711115751891,FINITE
1856,1856,0,1.4884629285735251,FINITE
1857,1857,0,2.1115534538201426,FINITE
1858,1858,0,1.3870834314199243,FINITE
1859,1859,0,1.3405136804059539,FINITE
1860,1860,0,1.2475951472467137,FINITE
1861,1861,0,2.2961869428825725,FINITE
1862,1862,0,0.5661532489150689,FINITE
1863,1863,0,2.199290715794018,FINITE
1864,1864,0,1.3977150214072431,FINITE
1865,1865,0,1.0673243218123,FINITE
1866,1866,0,1.6069587458862546,FINITE
1867,1867,0,2.4457907241383543,FINITE
1868,1868,0,2.0653776675864615,FINITE
1869,1869,0,1.0892844967970845,FINITE
1870,1870,0,2.4181631410865196,FINITE
1871,1871,0,1.4368473836677267,FINITE
1872,1872,0,2.2004230617076144,FINITE
1873,1873,0,1.4163846446561488,FINITE
1874,1874,0,0.5568116611667815,FINITE
1875,1875,0,1.4046123874759557,FINITE
1876,1876,0,1.2279041896754594,FINITE
1877,1877,0,2.0878464241090886,FINITE
1878,1878,0,1.391477570883127,FINITE
1879,1879,0,0.8773500706466875,FINITE
1880,1880,0,1.4483207235454847,FINITE
1881,1881,0,2.37122585081588,FINITE
1882,1882,0,1.3332701753685108,FINITE
1883,1883,0,1.4014300902603973,FINITE
1884,1884,0,1.7200980694823294,FINITE
1885,1885,0,2.0256809191070673,FINITE
1886,1886,0,1.3834031663574842,FINITE
1887,1887,0,2.3004890184604685,FINITE
1888,1888,0,1.3149304922296485,FINITE
1889,1889,0,1.847205201877327,FINITE
1890,1890,0,0.445998347976149,FINITE
1891,1891,0,1.2662619495548788,FINITE
1892,1892,0,1.9543933401744917,FINITE
1893,1893,0,2.389528244780771,FINITE
1894,1894,0,1.7394161303394762,FINITE
1895,1895,0,1.4858191957423281,FINITE
1896,1896,0,1.382409620504414,FINITE
1897,1897,0,0.44398533319242084,FINITE
1898,1898,0,1.6263718328861572,FINITE
1899,1899,0,1.3249869067343052,FINITE
1900,1900,0,1.4586964269181057,FINITE
1901,1901,0,1.518298057702499,FINITE
1902,1902,0,1.3123894278150536,FINITE
1903,1903,0,1.6952893176113824,FINITE
1904,1904,0,2.183372011407336,FINITE
1905,1905,0,1.5641310299292592,FINITE
1906,1906,0,0.4423990835687428,FINITE
1907,1907,0,1.672337725984615,FINITE
1908,1908,0,2.1683285325982924,FINITE
1909,1909,0,1.3627805682279086,FINITE
1910,1910,0,0.49660796745437175,FINITE
1911,1911,0,1.3240237635968441,FINITE
1912,1912,0,1.7698116456147686,FINITE
1913,1913,0,0.5093555738304986,FINITE
1914,1914,0,1.708169030213436,FINITE
1915,1915,0,1.3411790683390268,FINITE
1916,1916,0,0.44219897384621065,FINITE
1917,1917,0,1.350265139669193,FINITE
1918,1918,0,1.7567789322195528,FINITE
1919,1919,0,2.0758331783402544,FINITE
1920,1920,0,2.282141507074233,FINITE
1921,1921,0,1.5878113625294046,FINITE
1922,1922,0,1.466562937976476,FINITE
1923,1923,0,1.1554850142991706,FINITE
1924,1924,0,2.4670445156639964,FINITE
1925,1925,0,1.4392396966713537,FINITE
1926,1926,0,0.8221234947230381,FINITE
1927,1927,0,1.3633660292718246,FINITE
1928,1928,0,1.40495141131421,FINITE
1929,1929,0,2.6390046696802227,FINITE
1930,1930,0,0.7619263504256496,FINITE
1931,1931,0,1.8881189504818097,FINITE
1932,1932,0,1.5416967235273424,FINITE
1933,1933,0,1.719307140929583,FINITE
1934,1934,0,1.8894756227537894,FINITE
1935,1935,0,1.3340499826379677,FINITE
1936,1936,0,1.3644747071191043,FINITE
1937,1937,0,1.2175492915054225,FINITE
1938,1938,0,1.6030520602731355,FINITE
1939,1939,0,1.75406097677698,FINITE
1940,1940,0,1.8551026058334983,FINITE
1941,1941,0,1.5714185179954474,FINITE
1942,1942,0,2.2083923077435124,FINITE
1943,1943,0,2.083666129580232,FINITE
1944,1944,0,2.5024246077240724,FINITE
1945,1945,0,1.8802837772437604,FINITE
1946,1946,0,2.288036787259669,FINITE
1947,1947,0,1.4933710707628043,FINITE
1948,1948,0,1.6157971078562743,FINITE
1949,1949,0,1.5426068843106977,FINITE
1950,1950,0,1.805236340725525,FINITE
1951,1951,0,1.921011220511097,FINITE
1952,1952,0,2.041150477848755,FINITE
1953,1953,0,1.4897195586881247,FINITE
1954,1954,0,0.7975213705120552,FINITE
1955,1955,0,2.124220686683292,FINITE
1956,1956,0,1.3966716076901382,FINITE
1957,1957,0,1.218794926383618,FINITE
1958,1958,0,1.237888400957559,FINITE
1959,1959,0,2.4648509833427337,FINITE
1960,1960,0,1.7373602151352672,FINITE
1961,1961,0,1.740867245848814,FINITE
1962,1962,0,0.8815595742721696,FINITE
1963,1963,0,0.9686722252894397,FINITE
1964,1964,0,1.5450102527505,FINITE
1965,1965,0,0.523360092608774,FINITE
1966,1966,0,2.3787228506946048,FINITE
1967,1967,0,1.202157905985712,FINITE
1968,1968,0,1.510817831244503,FINITE
1969,1969,0,2.2733263201296836,FINITE
1970,1970,0,1.8445401567089994,FINITE
1971,1971,0,0.8016999479190289,FINITE
1972,1972,0,2.5194197758308636,FINITE
1973,1973,0,1.4869735360474916,FINITE
1974,1974,0,1.3769338223763965,FINITE
1975,1975,0,2.1726373805399484,FINITE
1976,1976,0,1.2922422764455976,FINITE
1977,1977,0,1.6061752591471603,FINITE
1978,1978,0,1.0887702141407374,FINITE
1979,1979,0,1.8870602150114868,FINITE
1980,1980,0,2.125145782560799,FINITE
1981,1981,0,1.6366644510133215,FINITE
1982,1982,0,1.4005873052908866,FINITE
1983,1983,0,1.331341264667025,FINITE
1984,1984,0,1.5172958348332344,FINITE
1985,1985,0,1.4960221811401238,FINITE
1986,1986,0,0.8248979624664853,FINITE
1987,1987,0,1.416007556641675,FINITE
1988,1988,0,1.4231165275619235,FINITE
1989,1989,0,2.148324473415526,FINITE
1990,1990,0,1.424326345541095,FINITE
1991,1991,0,1.4670347157445336,FINITE
1992,1992,0,1.9665869394347526,FINITE
1993,1993,0,0.6335035608747523,FINITE
1994,1994,0,1.365689000820371,FINITE
1995,1995,0,0.6151848282147547,FINITE
1996,1996,0,1.854022650923612,FINITE
1997,1997,0,0.6254231250276131,FINITE
1998,1998,0,2.1474198426731217,FINITE
1999,1999,0,1.4440224455472852,FINITE
2000,2000,0,1.1413308499476686,FINITE
2001,2001,0,2.383441406212975,FINITE
2002,2002,0,1.6491267916541164,FINITE
2003,2003,0,1.5379670656440336,FINITE
2004,2004,0,1.4551672196859933,FINITE
2005,2005,0,1.5998424261632205,FINITE
2006,2006,0,1.8953106128009178,FINITE
2007,2007,0,0.44188727504544895,FINITE
2008,2008,0,2.0730638048341126,FINITE
2009,2009,0,2.2101651190222964,FINITE
2010,2010,0,1.6971791699699208,FINITE
2011,2011,0,2.1717036852886866,FINITE
2012,2012,0,1.3276857111445763,FINITE
2013,2013,0,1.4493097001499442,FINITE
2014,2014,0,1.9727336907578477,FINITE
2015,2015,0,1.3406963048652107,FINITE
2016,2016,0,2.0323667516826003,FINITE
2017,2017,0,1.8972725284557304,FINITE
2018,2018,0,1.8731789274571449,FINITE
2019,2019,0,1.5795514819910876,FINITE
2020,2020,0,1.035008149067097,FINITE
2021,2021,0,2.0517417056550618,FINITE
2022,2022,0,1.8170280727834902,FINITE
2023,2023,0,1.6927674310954195,FINITE
2024,2024,0,1.6304319303657726,FINITE
2025,2025,0,0.498354509794186,FINITE
2026,2026,0,2.0626637799119356,FINITE
2027,2027,0,1.8299805343961437,FINITE
2028,2028,0,1.3196632812917108,FINITE
2029,2029,0,1.3149155530076833,FINITE
2030,2030,0,0.8683439431574136,FINITE
2031,2031,0,1.752922546065213,FINITE
2032,2032,0,2.466602091192068,FINITE
2033,2033,0,1.6058978287304673,FINITE
2034,2034,0,2.161853328141816,FINITE
2035,2035,0,1.3389948871876407,FINITE
2036,2036,0,2.1596384540850497,FINITE
2037,2037,0,1.7021778362801947,FINITE
2038,2038,0,1.472717650181818,FINITE
2039,2039,0,2.2421573630985128,FINITE
2040,2040,0,1.6876093708708901,FINITE
2041,2041,0,1.9768155297546444,FINITE
2042,2042,0,1.320885890281489,FINITE
2043,2043,0,2.443525685048064,FINITE
2044,2044,0,1.412740505149201,FINITE
2045,2045,0,1.653778725650647,FINITE
2046,2046,0,0.5978718060054433,FINITE
2047,2047,0,2.3382620047193594,FINITE
2048,2048,0,1.3644222672432795,FINITE
2049,2049,0,2.1350375468973204,FINITE
2050,2050,0,0.5890060903214402,FINITE
2051,2051,0,0.44469733867587136,FINITE
2052,2052,0,1.7790562511338066,FINITE
2053,2053,0,1.0573609612331905,FINITE
2054,2054,0,1.6338673855097428,FINITE
2055,2055,0,1.6289636998331423,FINITE
2056,2056,0,1.3783813600443056,FINITE
2057,2057,0,2.350948963897257,FINITE
2058,2058,0,2.426405156871702,FINITE
2059,2059,0,0.5119901099091086,FINITE
2060,2060,0,1.974821677712501,FINITE
2061,2061,0,1.7786468532678026,FINITE
2062,2062,0,2.1482507060394314,FINITE
2063,2063,0,1.4198578424400945,FINITE
2064,2064,0,1.3641248294342883,FINITE
2065,2065,0,1.8826829495409658,FINITE
2066,2066,0,2.1389210707263904,FINITE
2067,2067,0,1.3734984135297106,FINITE
2068,2068,0,2.110932756991292,FINITE
2069,2069,0,1.6680290834305933,FINITE
2070,2070,0,1.2842853329014698,FINITE
2071,2071,0,1.4492436195872858,FINITE
2072,2072,0,1.3005297991466924,FINITE
2073,2073,0,0.44141499537849116,FINITE
2074,2074,0,1.4056128430716006,FINITE
2075,2075,0,1.4517476667820721,FINITE
2076,2076,0,2.741943829176974,FINITE
2077,2077,0,1.843965817943947,FINITE
2078,2078,0,2.0884112830978014,FINITE
2079,2080,0,1.8440910949853675,FINITE
2080,2081,0,1.9286718910137797,FINITE
2081,2082,0,1.579081539952854,FINITE
2082,2083,0,2.443588242039786,FINITE
2083,2084,0,1.5453967386783973,FINITE
2084,2085,0,1.6513874344597657,FINITE
2085,2086,0,0.5927827481158903,FINITE
2086,2087,0,2.231068985862589,FINITE
2087,2088,0,2.272246759099805,FINITE
2088,2089,0,2.211070540123943,FINITE
2089,2090,0,0.4969513819020761,FINITE
2090,2091,0,0.4422707987700084,FINITE
2091,2092,0,2.2265596016838844,FINITE
2092,2093,0,1.5873478169048345,FINITE
2093,2094,0,1.5990720637026574,FINITE
2094,2095,0,1.6902699829276706,FINITE
2095,2096,0,1.4647028042433594,FINITE
2096,2097,0,2.3740815747121684,FINITE
2097,2098,0,2.427153821776599,FINITE
2098,2099,0,0.6715687729553972,FINITE
2099,2100,0,1.9688555076416692,FINITE
2100,2101,0,1.8244324315323341,FINITE
2101,2102,0,2.196593289451171,FINITE
2102,2103,0,1.6487214589901134,FINITE
2103,2104,0,1.363165439461636,FINITE
2104,2105,0,2.5212649240272014,FINITE
2105,2106,0,1.9531639812656492,FINITE
2106,2107,0,1.4042413930495972,FINITE
2107,2108,0,2.1375132515219954,FINITE
2108,2109,0,1.9562377876883283,FINITE
2109,2110,0,2.1411160769992255,FINITE
2110,2111,0,1.3906348291220885,FINITE
2111,2112,0,1.300045157302168,FINITE
2112,2113,0,0.8366866049044301,FINITE
2113,2114,0,1.1606576668469586,FINITE
2114,2115,0,1.3250666700787717,FINITE
2115,2116,0,2.664943440305888,FINITE
2116,2117,0,1.844474431204933,FINITE
2117,2118,0,2.0898326288667373,FINITE
2118,2119,0,0.6227048926593233,FINITE
2119,2120,0,1.3701614179190749,FINITE
2120,2121,0,2.021850235700477,FINITE
2121,2122,0,2.413700570542143,FINITE
2122,2123,0,0.5084765919829991,FINITE
2123,2124,0,1.2684307261562118,FINITE
2124,2125,0,1.8175509627317323,FINITE
2125,2126,0,1.4140644721373428,FINITE
2126,2127,0,1.2742087857502358,FINITE
2127,2128,0,2.5014696586627423,FINITE
2128,2129,0,1.3847951052131102,FINITE
2129,2130,0,0.9322183487241398,FINITE
2130,2131,0,0.6199078502075036,FINITE
2131,2132,0,2.3959180405929574,FINITE
2132,2133,0,1.8631011201336491,FINITE
2133,2134,0,1.203582437780112,FINITE
2134,2135,0,1.36926208294315,FINITE
2135,2136,0,2.434432477460593,FINITE
2136,2137,0,1.5747075352252538,FINITE
2137,2138,0,1.5085882029049564,FINITE
2138,2139,0,2.522214683666132,FINITE
2139,2140,0,1.3158415188093762,FINITE
2140,2141,0,1.985025413742382,FINITE
2141,2142,0,1.4577702371510035,FINITE
2142,2143,0,1.8985427553045509,FINITE
2143,2144,0,1.4312745150769373,FINITE
2144,2145,0,1.1750191363936229,FINITE
2145,2146,0,0.4838300893826452,FINITE
2146,2147,0,1.4759949446739284,FINITE
2147,2148,0,1.5291197277092103,FINITE
2148,2149,0,2.321867774347022,FINITE
2149,2150,0,1.5863827832954018,FINITE
2150,2151,0,2.038902173511402,FINITE
2151,2152,0,1.1254686883744913,FINITE
2152,2153,0,2.250882439513239,FINITE
2153,2154,0,2.221702688227891,FINITE
2154,2155,0,1.6050206303208228,FINITE
2155,2156,0,2.3330857251682855,FINITE
2156,2157,0,1.5317943647198577,FINITE
2157,2158,0,2.3482989380082397,FINITE
2158,2159,0,1.626732293050841,FINITE
2159,2160,0,1.307255952106504,FINITE
2160,2161,0,1.5284157513454972,FINITE
2161,2162,0,1.2715810544409663,FINITE
2162,2163,0,0.6670000531131632,FINITE
2163,2164,0,1.436478826772233,FINITE
2164,2165,0,1.54092945451896,FINITE
2165,2166,0,1.7242267400989233,FINITE
2166,2167,0,1.346753602392397,FINITE
2167,2168,0,2.1463283264293285,FINITE
2168,2169,0,0.554328352416779,FINITE
2169,2170,0,2.1225046540511787,FINITE
2170,2171,0,1.622603589689711,FINITE
2171,2172,0,1.7646911075503153,FINITE
2172,2173,0,2.086523355464044,FINITE
2173,2174,0,0.6801113516183399,FINITE
2174,2175,0,1.634648561941559,FINITE
2175,2176,0,1.621481662830277,FINITE
2176,2177,0,1.4654006794842727,FINITE
2177,2178,0,1.8400832761302968,FINITE
2178,2179,0,0.8821801485201285,FINITE
2179,2180,0,1.7877945595099436,FINITE
2180,2181,0,0.5838385026882565,FINITE
2181,2182,0,1.1986555596901183,FINITE
2182,2183,0,2.4040966055543747,FINITE
2183,2184,0,0.6086531196329964,FINITE
2184,2185,0,2.1943717088440153,FINITE
2185,2186,0,1.3250690319184855,FINITE
2186,2187,0,1.9025324663257261,FINITE
2187,2188,0,2.223684541649543,FINITE
2188,2189,0,2.096922558522748,FINITE
2189,2190,0,1.3606551068737578,FINITE
2190,2191,0,0.4442659567942647,FINITE
2191,2192,0,2.226249207209563,FINITE
2192,2193,0,1.3271971678836643,FINITE
2193,2194,0,2.1510917300459753,FINITE
2194,2195,0,1.4935354124600733,FINITE
2195,2196,0,1.5904940141470645,FINITE
2196,2197,0,1.3277249856057685,FINITE
2197,2198,0,2.332437448810449,FINITE
2198,2199,0,0.5657754177923053,FINITE
2199,2200,0,2.067240561981153,FINITE
2200,2201,0,0.5308797149568361,FINITE
2201,2202,0,1.5449225751407991,FINITE
2202,2203,0,1.440602026217085,FINITE
2203,2204,0,1.3694803713423918,FINITE
2204,2205,0,0.9040010916377563,FINITE
2205,2206,0,1.907939146550409,FINITE
2206,2207,0,1.2343420555620643,FINITE
2207,2208,0,1.7666583027329783,FINITE
2208,2209,0,1.3514506987686008,FINITE
2209,2210,0,0.4442890687887847,FINITE
2210,2211,0,0.5309715936449824,FINITE
2211,2212,0,1.5306945449667324,FINITE
2212,2213,0,1.8218632437628524,FINITE
2213,2215,0,1.4652623149286317,FINITE
2214,2216,0,1.9620401195305872,FINITE
2215,2217,0,0.5951018109400408,FINITE
2216,2218,0,1.3843073920227893,FINITE
2217,2219,0,0.6162205169106663,FINITE
2218,2220,0,1.8539733749194907,FINITE
